{"stat.useItem.minecraft.string":1,"stat.pickup.tconstruct.book":1,"stat.pickup.abyssalcraft.coralium":5,"stat.leaveGame":17,"stat.killEntity.betteranimalsplus.goat":4,"stat.pickup.abyssalcraft.abyingot":6,"stat.drop.rustic.grape_stem":1,"stat.pickup.tconstruct.edible":1,"stat.mineBlock.harvestcraft.beehive":1,"stat.useItem.minecraft.planks":94,"stat.pickup.minecraft.porkchop":11,"stat.pickup.tconstruct.slimesling":2,"stat.drop.travelersbackpack.travelers_backpack":1,"stat.pickup.minecraft.rotten_flesh":11,"stat.pickup.minecraft.sand":28,"stat.useItem.chococraft.chocobo_drumstick_raw":1,"stat.killEntity.Donkey":4,"stat.craftItem.minecraft.stone_axe":2,"stat.killEntity.mocreatures:bee":1,"stat.pickup.harvestcraft.wintersquashitem":1,"stat.pickup.betteranimalsplus.turkey_leg_raw":14,"stat.craftItem.minecraft.stone_sword":2,"stat.killEntity.mocreatures:turkey":7,"stat.mineBlock.minecraft.sand":28,"stat.useItem.minecraft.iron_pickaxe":72,"stat.useItem.minecraft.spawn_egg":1,"stat.craftItem.minecraft.wooden_pickaxe":1,"stat.drop.minecraft.cooked_mutton":1,"stat.furnaceInteraction":96,"stat.killEntity.ZombieVillager":1,"stat.drop.minecraft.red_flower":1,"stat.pickup.minecraft.beef":24,"stat.pickup.minecraft.furnace":1,"stat.useItem.minecraft.cooked_mutton":44,"stat.mineBlock.harvestcraft.windygarden":6,"stat.craftItem.travelersbackpack.travelers_backpack":2,"stat.useItem.rustic.wildberries":1,"stat.pickup.minecraft.iron_chestplate":1,"stat.pickup.mca.rose_gold_ore":2,"stat.useItem.comforts.sleeping_bag":1,"stat.mineBlock.astralsorcery.blockmarble":11,"stat.pickup.rustic.olives":1,"stat.pickup.dynamictrees.oakseed":23,"stat.mineBlock.minecraft.oak_stairs":9,"stat.deaths":5,"stat.drop.harvestcraft.artichokeitem":1,"stat.craftItem.ferdinandsflowers.flower_dye":1,"stat.pickup.minecraft.egg":1,"stat.playOneMinute":396644,"stat.pickup.tconstruct.rack":11,"stat.pickup.ferdinandsflowers.block_cff_flowers":4,"stat.mineBlock.minecraft.tallgrass":54,"stat.craftItem.minecraft.cooked_mutton":49,"stat.pickup.minecraft.cooked_mutton":3,"stat.chestOpened":56,"stat.pickup.minecraft.arrow":2,"stat.mineBlock.rustic.slate":1,"stat.pickup.harvestcraft.chilipepperitem":3,"stat.drop.ferdinandsflowers.block_cff_flowersc":1,"stat.fallOneCm":71054,"stat.pickup.minecraft.carrot":2,"stat.crouchOneCm":20919,"stat.craftItem.minecraft.chest":6,"stat.craftItem.minecraft.iron_ingot":9,"stat.pickup.rustic.grape_stem":1,"stat.craftingTableInteraction":67,"stat.mineBlock.tconstruct.rack":13,"stat.pickup.minecraft.feather":30,"stat.pickup.minecraft.planks":49,"stat.pickup.minecraft.iron_leggings":1,"stat.pickup.chisel.limestone2":16,"stat.pickup.minecraft.wheat_seeds":2,"stat.useItem.minecraft.stone_pickaxe":81,"stat.useItem.minecraft.stone_sword":186,"stat.mineBlock.minecraft.dirt":23,"stat.useItem.minecraft.torch":4,"stat.useItem.minecraft.bread":4,"stat.mineBlock.ferdinandsflowers.block_cff_flowers":4,"stat.useItem.mocreatures.turkeycooked":6,"stat.pickup.betteranimalsplus.boarhead_3":1,"stat.drop.minecraft.rotten_flesh":1,"stat.pickup.minecraft.crafting_table":6,"stat.useItem.minecraft.log":4,"stat.useItem.minecraft.cobblestone":1,"stat.craftItem.minecraft.crafting_table":5,"stat.mineBlock.minecraft.double_plant":1,"stat.useItem.dynamictrees.oakseed":1,"stat.pickup.minecraft.log":61,"stat.pickup.minecraft.iron_pickaxe":1,"stat.drop.minecraft.planks":1,"stat.pickup.minecraft.chicken":2,"stat.pickup.mocreatures.turkeyraw":8,"stat.pickup.minecraft.apple":12,"stat.useItem.betteranimalsplus.pheasantcooked":3,"stat.killEntity.nightmares.shadow":2,"stat.craftItem.minecraft.bucket":1,"stat.craftItem.minecraft.planks":228,"stat.mineBlock.abyssalcraft.coraliumore":2,"stat.entityKilledBy.betteranimalsplus.coyote":1,"stat.drop.comforts.sleeping_bag":1,"stat.entityKilledBy.mocreatures:plainmanticore":1,"stat.pickup.ferdinandsflowers.block_cff_doublesb":1,"stat.useItem.harvestcraft.elderberryitem":1,"stat.pickup.minecraft.red_flower":4,"stat.sneakTime":6872,"stat.pickup.minecraft.wool":35,"stat.pickup.minecraft.stone_slab":1,"stat.pickup.ferdinandsflowers.block_cff_flowerse":1,"stat.pickup.ferdinandsflowers.block_cff_flowersb":1,"stat.pickup.ferdinandsflowers.block_cff_flowersc":5,"stat.drop.minecraft.stone_pickaxe":1,"stat.pickup.minecraft.bone":2,"stat.horseOneCm":180,"stat.mineBlock.minecraft.cobblestone":11,"stat.useItem.betteranimalsplus.turkey_leg_cooked":13,"stat.pickup.minecraft.stone_pickaxe":1,"stat.pickup.minecraft.flint":2,"stat.craftItem.minecraft.wool":4,"stat.pickup.mocreatures.fur":4,"stat.craftItem.tconstruct.slimesling":3,"stat.swimOneCm":46088,"stat.climbOneCm":4996,"stat.pickup.harvestcraft.artichokeitem":2,"stat.pickup.chococraft.chocobo_drumstick_raw":1,"stat.useItem.betteranimalsplus.turkey_leg_raw":1,"stat.useItem.chococraft.gysahl_green":14,"stat.useItem.minecraft.dirt":37,"stat.killEntity.betteranimalsplus.boar":1,"stat.useItem.minecraft.stone_slab2":57,"stat.pickup.minecraft.bow":1,"stat.useItem.harvestcraft.wintersquashitem":1,"stat.craftItem.minecraft.furnace":2,"stat.useItem.minecraft.egg":1,"stat.killEntity.mocreatures:goat":1,"stat.craftItem.minecraft.stone_pickaxe":1,"stat.craftItem.minecraft.cooked_beef":13,"stat.pickup.betteranimalsplus.turkey_raw":1,"stat.pickup.minecraft.cobblestone":69,"stat.flyOneCm":2080366,"stat.craftItem.minecraft.wooden_slab":54,"stat.useItem.minecraft.cooked_beef":13,"stat.pickup.minecraft.redstone":5,"stat.mineBlock.minecraft.iron_ore":1,"stat.timeSinceDeath":72976,"stat.useItem.minecraft.wooden_slab":8,"stat.pickup.minecraft.mutton":100,"stat.pickup.travelersbackpack.travelers_backpack":1,"stat.pickup.harvestcraft.riceitem":1,"stat.useItem.minecraft.cooked_porkchop":8,"stat.useItem.tconstruct.rack":16,"stat.mineBlock.minecraft.coal_ore":69,"tombstone:tomb_raiding":1,"stat.killEntity.Creeper":1,"stat.killEntity.betteranimalsplus.turkey":10,"stat.talkedToVillager":44,"stat.pickup.minecraft.string":15,"stat.pickup.comforts.sleeping_bag":1,"stat.useItem.astralsorcery.blockmarble":8,"stat.pickup.tombstone.crafting_ingredient":2,"stat.craftItem.tconstruct.slime_boots":3,"stat.craftItem.minecraft.stone_slab2":0,"stat.sprintOneCm":368155,"stat.drop.rustic.tomato_seeds":1,"stat.killEntity.betteranimalsplus.pheasant":1,"stat.pickup.betteranimalsplus.turkey_egg":3,"stat.craftItem.minecraft.stick":4,"stat.killEntity.mocreatures:mole":2,"stat.mineBlock.harvestcraft.pamapple":6,"stat.mineBlock.minecraft.crafting_table":6,"stat.pickup.chococraft.gysahl_green_seeds":81,"stat.entityKilledBy.Creeper":1,"stat.pickup.minecraft.spawn_egg":4,"stat.mineBlock.minecraft.planks":8,"stat.drop":15,"stat.pickup.harvestcraft.flaxitem":2,"stat.killEntity.Sheep":35,"stat.pickup.minecraft.slime_ball":4,"stat.killEntity.Zombie":6,"stat.craftItem.minecraft.dye":3,"stat.killEntity.mocreatures:grasshopper":1,"stat.mineBlock.minecraft.gold_ore":12,"stat.diveOneCm":68062,"stat.craftItem.minecraft.slime_ball":24,"stat.pickup.tconstruct.tooltables":1,"stat.mineBlock.ferdinandsflowers.block_cff_flowersc":3,"stat.mineBlock.ferdinandsflowers.block_cff_flowersb":1,"stat.craftItem.minecraft.cooked_porkchop":8,"stat.mineBlock.ferdinandsflowers.block_cff_flowerse":1,"stat.useItem.rustic.ironberries":1,"stat.useItem.minecraft.apple":1,"stat.pickup.minecraft.obsidian":1,"stat.useItem.minecraft.rotten_flesh":9,"stat.craftItem.travelersbackpack.backpack_tank":4,"stat.jump":4682,"stat.craftItem.tconstruct.rack":11,"stat.pickup.minecraft.coal":97,"stat.pickup.minecraft.iron_helmet":1,"stat.pickup.minecraft.iron_ingot":6,"stat.useItem.minecraft.stone_axe":130,"stat.craftItem.minecraft.torch":4,"stat.pickup.minecraft.dirt":80,"stat.craftItem.comforts.sleeping_bag":3,"stat.pickup.minecraft.iron_ore":4,"stat.pickup.tconstruct.slime_congealed":22,"stat.mineBlock.mca.rose_gold_ore":2,"stat.pickup.minecraft.gold_ore":10,"stat.pickup.rustic.tomato_seeds":4,"tombstone:sneak_grave":1,"stat.damageTaken":4768,"stat.pickup.minecraft.leather":16,"stat.useItem.harvestcraft.flaxitem":1,"stat.mineBlock.minecraft.furnace":1,"stat.mineBlock.minecraft.red_flower":3,"stat.useItem.minecraft.wooden_pickaxe":10,"stat.craftItem.betteranimalsplus.pheasantcooked":3,"stat.drop.tconstruct.slimesling":3,"tombstone:undead_killed":11,"stat.useItem.tombstone.grave_key":6,"stat.pickup.minecraft.oak_stairs":6,"stat.damageDealt":11689,"stat.craftItem.minecraft.glass":28,"stat.killEntity.bound_soul":1,"stat.sleepInBed":24,"stat.pickup.chococraft.gysahl_green":14,"stat.killEntity.Cow":11,"stat.mineBlock.harvestcraft.pamspiderweb":4,"stat.killEntity.Pig":4,"stat.pickup.harvestcraft.elderberryitem":1,"stat.walkOneCm":466168,"stat.playerKills":1,"stat.pickup.dynamictrees.birchseed":10,"stat.pickup.minecraft.stick":52,"stat.craftItem.mocreatures.turkeycooked":6,"stat.killEntity.mocreatures:wildhorse":1,"stat.pickup.betteranimalsplus.turkey_leg_cooked":2,"stat.useItem.tombstone.gift":1,"stat.pickup.betteranimalsplus.pheasantraw":3,"stat.pickup.minecraft.gold_ingot":2,"stat.killEntity.Skeleton":3,"stat.craftItem.travelersbackpack.sleeping_bag_bottom":2,"stat.pickup.ferdinandsflowers.block_cff_doubles":3,"stat.killEntity.Chicken":2,"stat.pickup.harvestcraft.queenbeeitem":1,"stat.killEntity.Spider":1,"stat.pickup.astralsorcery.itemcraftingcomponent":1,"stat.mobKills":103,"stat.craftItem.minecraft.shears":1,"stat.useItem.minecraft.golden_apple":2,"stat.pickup.minecraft.water_bucket":1,"stat.craftItem.betteranimalsplus.turkey_leg_cooked":13,"stat.mineBlock.minecraft.redstone_ore":1,"stat.pickup.astralsorcery.blockmarble":12,"stat.drop.minecraft.stone_axe":1,"stat.mineBlock.minecraft.stone":47,"stat.pickup.rustic.ironberries":1}