{"stat.useItem.minecraft.string":1,"stat.pickup.tconstruct.book":1,"stat.leaveGame":8,"stat.killEntity.betteranimalsplus.goat":4,"stat.pickup.abyssalcraft.abyingot":3,"stat.drop.rustic.grape_stem":1,"stat.pickup.tconstruct.edible":1,"stat.useItem.minecraft.planks":92,"stat.pickup.minecraft.porkchop":11,"stat.pickup.tconstruct.slimesling":2,"stat.pickup.minecraft.rotten_flesh":4,"stat.killEntity.Donkey":4,"stat.craftItem.minecraft.stone_axe":2,"stat.killEntity.mocreatures:bee":1,"stat.pickup.harvestcraft.wintersquashitem":1,"stat.pickup.betteranimalsplus.turkey_leg_raw":14,"stat.craftItem.minecraft.stone_sword":1,"stat.killEntity.mocreatures:turkey":7,"stat.useItem.minecraft.spawn_egg":1,"stat.craftItem.minecraft.wooden_pickaxe":1,"stat.drop.minecraft.cooked_mutton":1,"stat.furnaceInteraction":28,"stat.killEntity.ZombieVillager":1,"stat.drop.minecraft.red_flower":1,"stat.pickup.minecraft.beef":7,"stat.pickup.minecraft.furnace":1,"stat.useItem.minecraft.cooked_mutton":28,"stat.mineBlock.harvestcraft.windygarden":6,"stat.mineBlock.astralsorcery.blockmarble":9,"stat.pickup.rustic.olives":1,"stat.pickup.dynamictrees.oakseed":23,"stat.mineBlock.minecraft.oak_stairs":9,"stat.deaths":3,"stat.drop.harvestcraft.artichokeitem":1,"stat.pickup.minecraft.egg":1,"stat.playOneMinute":242433,"stat.pickup.tconstruct.rack":11,"stat.pickup.ferdinandsflowers.block_cff_flowers":4,"stat.mineBlock.minecraft.tallgrass":44,"stat.craftItem.minecraft.cooked_mutton":33,"stat.pickup.minecraft.cooked_mutton":3,"stat.chestOpened":12,"stat.mineBlock.rustic.slate":1,"stat.pickup.harvestcraft.chilipepperitem":2,"stat.fallOneCm":54711,"stat.pickup.minecraft.carrot":2,"stat.crouchOneCm":15439,"stat.craftItem.minecraft.chest":1,"stat.pickup.rustic.grape_stem":1,"stat.craftingTableInteraction":42,"stat.mineBlock.tconstruct.rack":13,"stat.pickup.minecraft.feather":30,"stat.pickup.minecraft.planks":47,"stat.pickup.minecraft.wheat_seeds":2,"stat.useItem.minecraft.stone_pickaxe":71,"stat.useItem.minecraft.stone_sword":128,"stat.mineBlock.minecraft.dirt":23,"stat.useItem.minecraft.torch":2,"stat.mineBlock.ferdinandsflowers.block_cff_flowers":4,"stat.useItem.mocreatures.turkeycooked":6,"stat.pickup.betteranimalsplus.boarhead_3":1,"stat.drop.minecraft.rotten_flesh":1,"stat.pickup.minecraft.crafting_table":6,"stat.useItem.minecraft.log":4,"stat.useItem.minecraft.cobblestone":1,"stat.craftItem.minecraft.crafting_table":5,"stat.useItem.dynamictrees.oakseed":1,"stat.pickup.minecraft.log":61,"stat.drop.minecraft.planks":1,"stat.pickup.minecraft.chicken":2,"stat.pickup.mocreatures.turkeyraw":8,"stat.pickup.minecraft.apple":12,"stat.killEntity.nightmares.shadow":2,"stat.craftItem.minecraft.planks":196,"stat.entityKilledBy.betteranimalsplus.coyote":1,"stat.entityKilledBy.mocreatures:plainmanticore":1,"stat.pickup.ferdinandsflowers.block_cff_doublesb":1,"stat.useItem.harvestcraft.elderberryitem":1,"stat.pickup.minecraft.red_flower":1,"stat.sneakTime":4987,"stat.pickup.minecraft.wool":35,"stat.pickup.ferdinandsflowers.block_cff_flowerse":1,"stat.pickup.ferdinandsflowers.block_cff_flowersb":1,"stat.pickup.ferdinandsflowers.block_cff_flowersc":3,"stat.drop.minecraft.stone_pickaxe":1,"stat.horseOneCm":180,"stat.mineBlock.minecraft.cobblestone":10,"stat.useItem.betteranimalsplus.turkey_leg_cooked":11,"stat.pickup.minecraft.stone_pickaxe":1,"stat.pickup.minecraft.flint":2,"stat.pickup.mocreatures.fur":2,"stat.craftItem.tconstruct.slimesling":3,"stat.swimOneCm":20682,"stat.climbOneCm":3846,"stat.pickup.harvestcraft.artichokeitem":2,"stat.useItem.chococraft.gysahl_green":14,"stat.useItem.minecraft.dirt":27,"stat.killEntity.betteranimalsplus.boar":1,"stat.useItem.minecraft.stone_slab2":49,"stat.useItem.harvestcraft.wintersquashitem":1,"stat.craftItem.minecraft.furnace":2,"stat.useItem.minecraft.egg":1,"stat.killEntity.mocreatures:goat":1,"stat.craftItem.minecraft.stone_pickaxe":1,"stat.pickup.betteranimalsplus.turkey_raw":1,"stat.pickup.minecraft.cobblestone":18,"stat.flyOneCm":1329554,"stat.craftItem.minecraft.wooden_slab":54,"stat.timeSinceDeath":110394,"stat.useItem.minecraft.wooden_slab":8,"stat.pickup.minecraft.mutton":97,"stat.useItem.tconstruct.rack":16,"stat.mineBlock.minecraft.coal_ore":43,"stat.killEntity.Creeper":1,"stat.killEntity.betteranimalsplus.turkey":10,"stat.talkedToVillager":7,"stat.pickup.minecraft.string":15,"stat.pickup.comforts.sleeping_bag":1,"stat.useItem.astralsorcery.blockmarble":8,"stat.pickup.tombstone.crafting_ingredient":2,"stat.craftItem.tconstruct.slime_boots":3,"stat.craftItem.minecraft.stone_slab2":0,"stat.sprintOneCm":220331,"stat.drop.rustic.tomato_seeds":1,"stat.killEntity.betteranimalsplus.pheasant":1,"stat.pickup.betteranimalsplus.turkey_egg":3,"stat.craftItem.minecraft.stick":4,"stat.killEntity.mocreatures:mole":2,"stat.mineBlock.harvestcraft.pamapple":6,"stat.mineBlock.minecraft.crafting_table":6,"stat.pickup.chococraft.gysahl_green_seeds":81,"stat.pickup.minecraft.spawn_egg":3,"stat.mineBlock.minecraft.planks":6,"stat.drop":12,"stat.pickup.harvestcraft.flaxitem":1,"stat.killEntity.Sheep":35,"stat.pickup.minecraft.slime_ball":4,"stat.killEntity.Zombie":2,"stat.killEntity.mocreatures:grasshopper":1,"stat.diveOneCm":30543,"stat.craftItem.minecraft.slime_ball":24,"stat.pickup.tconstruct.tooltables":1,"stat.mineBlock.ferdinandsflowers.block_cff_flowersc":1,"stat.mineBlock.ferdinandsflowers.block_cff_flowerse":1,"stat.useItem.rustic.ironberries":1,"stat.useItem.minecraft.apple":1,"stat.useItem.minecraft.rotten_flesh":3,"stat.jump":2939,"stat.craftItem.tconstruct.rack":11,"stat.pickup.minecraft.coal":71,"stat.pickup.minecraft.iron_ingot":2,"stat.useItem.minecraft.stone_axe":124,"stat.craftItem.minecraft.torch":4,"stat.pickup.minecraft.dirt":53,"stat.craftItem.comforts.sleeping_bag":2,"stat.pickup.tconstruct.slime_congealed":22,"stat.pickup.rustic.tomato_seeds":4,"stat.damageTaken":2914,"stat.useItem.harvestcraft.flaxitem":1,"stat.mineBlock.minecraft.furnace":1,"stat.useItem.minecraft.wooden_pickaxe":10,"stat.drop.tconstruct.slimesling":3,"tombstone:undead_killed":4,"stat.pickup.minecraft.oak_stairs":6,"stat.damageDealt":9166,"stat.killEntity.bound_soul":1,"stat.sleepInBed":20,"stat.pickup.chococraft.gysahl_green":14,"stat.killEntity.Cow":3,"stat.mineBlock.harvestcraft.pamspiderweb":4,"stat.killEntity.Pig":4,"stat.pickup.harvestcraft.elderberryitem":1,"stat.walkOneCm":259397,"stat.pickup.dynamictrees.birchseed":10,"stat.pickup.minecraft.stick":52,"stat.craftItem.mocreatures.turkeycooked":6,"stat.killEntity.mocreatures:wildhorse":1,"stat.pickup.betteranimalsplus.turkey_leg_cooked":2,"stat.useItem.tombstone.gift":1,"stat.pickup.betteranimalsplus.pheasantraw":3,"stat.pickup.ferdinandsflowers.block_cff_doubles":3,"stat.killEntity.Chicken":2,"stat.killEntity.Spider":1,"stat.pickup.astralsorcery.itemcraftingcomponent":1,"stat.mobKills":86,"stat.craftItem.minecraft.shears":1,"stat.pickup.minecraft.water_bucket":1,"stat.craftItem.betteranimalsplus.turkey_leg_cooked":11,"stat.pickup.astralsorcery.blockmarble":10,"stat.drop.minecraft.stone_axe":1,"stat.mineBlock.minecraft.stone":13,"stat.pickup.rustic.ironberries":1}