{"stat.useItem.minecraft.string":1,"stat.pickup.tconstruct.book":1,"stat.leaveGame":9,"stat.killEntity.betteranimalsplus.goat":4,"stat.pickup.abyssalcraft.abyingot":6,"stat.drop.rustic.grape_stem":1,"stat.pickup.tconstruct.edible":1,"stat.useItem.minecraft.planks":94,"stat.pickup.minecraft.porkchop":11,"stat.pickup.tconstruct.slimesling":2,"stat.pickup.minecraft.rotten_flesh":9,"stat.pickup.minecraft.sand":14,"stat.useItem.chococraft.chocobo_drumstick_raw":1,"stat.killEntity.Donkey":4,"stat.craftItem.minecraft.stone_axe":2,"stat.killEntity.mocreatures:bee":1,"stat.pickup.harvestcraft.wintersquashitem":1,"stat.pickup.betteranimalsplus.turkey_leg_raw":14,"stat.craftItem.minecraft.stone_sword":2,"stat.killEntity.mocreatures:turkey":7,"stat.mineBlock.minecraft.sand":14,"stat.useItem.minecraft.spawn_egg":1,"stat.craftItem.minecraft.wooden_pickaxe":1,"stat.drop.minecraft.cooked_mutton":1,"stat.furnaceInteraction":40,"stat.killEntity.ZombieVillager":1,"stat.drop.minecraft.red_flower":1,"stat.pickup.minecraft.beef":7,"stat.pickup.minecraft.furnace":1,"stat.useItem.minecraft.cooked_mutton":30,"stat.mineBlock.harvestcraft.windygarden":6,"stat.mineBlock.astralsorcery.blockmarble":9,"stat.pickup.rustic.olives":1,"stat.pickup.dynamictrees.oakseed":23,"stat.mineBlock.minecraft.oak_stairs":9,"stat.deaths":3,"stat.drop.harvestcraft.artichokeitem":1,"stat.craftItem.ferdinandsflowers.flower_dye":1,"stat.pickup.minecraft.egg":1,"stat.playOneMinute":260117,"stat.pickup.tconstruct.rack":11,"stat.pickup.ferdinandsflowers.block_cff_flowers":4,"stat.mineBlock.minecraft.tallgrass":45,"stat.craftItem.minecraft.cooked_mutton":49,"stat.pickup.minecraft.cooked_mutton":3,"stat.chestOpened":31,"stat.mineBlock.rustic.slate":1,"stat.pickup.harvestcraft.chilipepperitem":3,"stat.drop.ferdinandsflowers.block_cff_flowersc":1,"stat.fallOneCm":55143,"stat.pickup.minecraft.carrot":2,"stat.crouchOneCm":16453,"stat.craftItem.minecraft.chest":2,"stat.pickup.rustic.grape_stem":1,"stat.craftingTableInteraction":52,"stat.mineBlock.tconstruct.rack":13,"stat.pickup.minecraft.feather":30,"stat.pickup.minecraft.planks":49,"stat.pickup.minecraft.wheat_seeds":2,"stat.useItem.minecraft.stone_pickaxe":72,"stat.useItem.minecraft.stone_sword":136,"stat.mineBlock.minecraft.dirt":23,"stat.useItem.minecraft.torch":2,"stat.mineBlock.ferdinandsflowers.block_cff_flowers":4,"stat.useItem.mocreatures.turkeycooked":6,"stat.pickup.betteranimalsplus.boarhead_3":1,"stat.drop.minecraft.rotten_flesh":1,"stat.pickup.minecraft.crafting_table":6,"stat.useItem.minecraft.log":4,"stat.useItem.minecraft.cobblestone":1,"stat.craftItem.minecraft.crafting_table":5,"stat.mineBlock.minecraft.double_plant":1,"stat.useItem.dynamictrees.oakseed":1,"stat.pickup.minecraft.log":61,"stat.drop.minecraft.planks":1,"stat.pickup.minecraft.chicken":2,"stat.pickup.mocreatures.turkeyraw":8,"stat.pickup.minecraft.apple":12,"stat.killEntity.nightmares.shadow":2,"stat.craftItem.minecraft.planks":228,"stat.entityKilledBy.betteranimalsplus.coyote":1,"stat.entityKilledBy.mocreatures:plainmanticore":1,"stat.pickup.ferdinandsflowers.block_cff_doublesb":1,"stat.useItem.harvestcraft.elderberryitem":1,"stat.pickup.minecraft.red_flower":4,"stat.sneakTime":5208,"stat.pickup.minecraft.wool":35,"stat.pickup.minecraft.stone_slab":1,"stat.pickup.ferdinandsflowers.block_cff_flowerse":1,"stat.pickup.ferdinandsflowers.block_cff_flowersb":1,"stat.pickup.ferdinandsflowers.block_cff_flowersc":5,"stat.drop.minecraft.stone_pickaxe":1,"stat.horseOneCm":180,"stat.mineBlock.minecraft.cobblestone":11,"stat.useItem.betteranimalsplus.turkey_leg_cooked":11,"stat.pickup.minecraft.stone_pickaxe":1,"stat.pickup.minecraft.flint":2,"stat.craftItem.minecraft.wool":4,"stat.pickup.mocreatures.fur":2,"stat.craftItem.tconstruct.slimesling":3,"stat.swimOneCm":20800,"stat.climbOneCm":3846,"stat.pickup.harvestcraft.artichokeitem":2,"stat.pickup.chococraft.chocobo_drumstick_raw":1,"stat.useItem.chococraft.gysahl_green":14,"stat.useItem.minecraft.dirt":27,"stat.killEntity.betteranimalsplus.boar":1,"stat.useItem.minecraft.stone_slab2":54,"stat.useItem.harvestcraft.wintersquashitem":1,"stat.craftItem.minecraft.furnace":2,"stat.useItem.minecraft.egg":1,"stat.killEntity.mocreatures:goat":1,"stat.craftItem.minecraft.stone_pickaxe":1,"stat.craftItem.minecraft.cooked_beef":7,"stat.pickup.betteranimalsplus.turkey_raw":1,"stat.pickup.minecraft.cobblestone":18,"stat.flyOneCm":1402530,"stat.craftItem.minecraft.wooden_slab":54,"stat.useItem.minecraft.cooked_beef":7,"stat.timeSinceDeath":128078,"stat.useItem.minecraft.wooden_slab":8,"stat.pickup.minecraft.mutton":97,"stat.useItem.minecraft.cooked_porkchop":5,"stat.useItem.tconstruct.rack":16,"stat.mineBlock.minecraft.coal_ore":43,"stat.killEntity.Creeper":1,"stat.killEntity.betteranimalsplus.turkey":10,"stat.talkedToVillager":37,"stat.pickup.minecraft.string":15,"stat.pickup.comforts.sleeping_bag":1,"stat.useItem.astralsorcery.blockmarble":8,"stat.pickup.tombstone.crafting_ingredient":2,"stat.craftItem.tconstruct.slime_boots":3,"stat.craftItem.minecraft.stone_slab2":0,"stat.sprintOneCm":244773,"stat.drop.rustic.tomato_seeds":1,"stat.killEntity.betteranimalsplus.pheasant":1,"stat.pickup.betteranimalsplus.turkey_egg":3,"stat.craftItem.minecraft.stick":4,"stat.killEntity.mocreatures:mole":2,"stat.mineBlock.harvestcraft.pamapple":6,"stat.mineBlock.minecraft.crafting_table":6,"stat.pickup.chococraft.gysahl_green_seeds":81,"stat.pickup.minecraft.spawn_egg":4,"stat.mineBlock.minecraft.planks":8,"stat.drop":13,"stat.pickup.harvestcraft.flaxitem":2,"stat.killEntity.Sheep":35,"stat.pickup.minecraft.slime_ball":4,"stat.killEntity.Zombie":3,"stat.craftItem.minecraft.dye":3,"stat.killEntity.mocreatures:grasshopper":1,"stat.diveOneCm":30543,"stat.craftItem.minecraft.slime_ball":24,"stat.pickup.tconstruct.tooltables":1,"stat.mineBlock.ferdinandsflowers.block_cff_flowersc":3,"stat.craftItem.minecraft.cooked_porkchop":8,"stat.mineBlock.ferdinandsflowers.block_cff_flowerse":1,"stat.useItem.rustic.ironberries":1,"stat.useItem.minecraft.apple":1,"stat.useItem.minecraft.rotten_flesh":7,"stat.jump":3222,"stat.craftItem.tconstruct.rack":11,"stat.pickup.minecraft.coal":71,"stat.pickup.minecraft.iron_ingot":2,"stat.useItem.minecraft.stone_axe":127,"stat.craftItem.minecraft.torch":4,"stat.pickup.minecraft.dirt":53,"stat.craftItem.comforts.sleeping_bag":2,"stat.pickup.tconstruct.slime_congealed":22,"stat.pickup.rustic.tomato_seeds":4,"stat.damageTaken":3129,"stat.pickup.minecraft.leather":5,"stat.useItem.harvestcraft.flaxitem":1,"stat.mineBlock.minecraft.furnace":1,"stat.mineBlock.minecraft.red_flower":3,"stat.useItem.minecraft.wooden_pickaxe":10,"stat.drop.tconstruct.slimesling":3,"tombstone:undead_killed":5,"stat.pickup.minecraft.oak_stairs":6,"stat.damageDealt":9558,"stat.killEntity.bound_soul":1,"stat.sleepInBed":20,"stat.pickup.chococraft.gysahl_green":14,"stat.killEntity.Cow":3,"stat.mineBlock.harvestcraft.pamspiderweb":4,"stat.killEntity.Pig":4,"stat.pickup.harvestcraft.elderberryitem":1,"stat.walkOneCm":297518,"stat.pickup.dynamictrees.birchseed":10,"stat.pickup.minecraft.stick":52,"stat.craftItem.mocreatures.turkeycooked":6,"stat.killEntity.mocreatures:wildhorse":1,"stat.pickup.betteranimalsplus.turkey_leg_cooked":2,"stat.useItem.tombstone.gift":1,"stat.pickup.betteranimalsplus.pheasantraw":3,"stat.craftItem.travelersbackpack.sleeping_bag_bottom":2,"stat.pickup.ferdinandsflowers.block_cff_doubles":3,"stat.killEntity.Chicken":2,"stat.killEntity.Spider":1,"stat.pickup.astralsorcery.itemcraftingcomponent":1,"stat.mobKills":89,"stat.craftItem.minecraft.shears":1,"stat.pickup.minecraft.water_bucket":1,"stat.craftItem.betteranimalsplus.turkey_leg_cooked":11,"stat.pickup.astralsorcery.blockmarble":10,"stat.drop.minecraft.stone_axe":1,"stat.mineBlock.minecraft.stone":13,"stat.pickup.rustic.ironberries":1}