{"stat.drop.minecraft.mutton":1,"stat.leaveGame":6,"stat.useItem.harvestcraft.amaranthitem":7,"stat.drop.treasure2.gold_coin":2,"stat.pickup.abyssalcraft.abyingot":8,"stat.craftItem.minecraft.iron_axe":2,"stat.mineBlock.minecraft.sandstone":8,"stat.craftItem.minecraft.shield":1,"stat.useItem.minecraft.planks":8,"stat.pickup.minecraft.porkchop":6,"stat.pickup.tconstruct.slimesling":3,"stat.useItem.minecraft.water_bucket":1,"stat.pickup.minecraft.rotten_flesh":6,"stat.pickup.minecraft.sand":65,"stat.useItem.chococraft.chocobo_drumstick_raw":1,"stat.killEntity.Donkey":1,"stat.craftItem.minecraft.stone_axe":1,"stat.drop.minecraft.leather_boots":1,"stat.pickup.harvestcraft.wintersquashitem":5,"stat.pickup.minecraft.leather_boots":1,"stat.pickup.harvestcraft.radishitem":1,"stat.useItem.minecraft.brown_mushroom":2,"stat.pickup.minecraft.brown_mushroom":3,"stat.mineBlock.minecraft.sand":51,"stat.drop.minecraft.sand":2,"stat.entityKilledBy.cw_ent":8,"stat.pickup.harvestcraft.scallionitem":1,"stat.craftItem.minecraft.wooden_pickaxe":1,"stat.pickup.harvestcraft.onionitem":7,"stat.mineBlock.chisel.marble2":7,"stat.useItem.minecraft.oak_stairs":2,"stat.furnaceInteraction":47,"stat.killEntity.mocreatures:crab":1,"stat.pickup.mocreatures.turtleraw":1,"stat.pickup.harvestcraft.cornitem":4,"stat.killEntity.mocreatures:greenogre":1,"stat.pickup.minecraft.beef":29,"stat.useItem.minecraft.cooked_mutton":37,"stat.pickup.minecraft.furnace":2,"stat.mineBlock.harvestcraft.windygarden":37,"stat.craftItem.travelersbackpack.travelers_backpack":1,"stat.useItem.rustic.wildberries":3,"stat.pickup.treasure2.wood_chest":3,"stat.useItem.minecraft.flint_and_steel":41,"stat.mineBlock.astralsorcery.blockmarble":28,"stat.pickup.rustic.olives":1,"stat.pickup.minecraft.emerald":1,"stat.pickup.dynamictrees.oakseed":4,"stat.entityKilledBy.betteranimalsplus.boar":1,"stat.deaths":12,"stat.playOneMinute":287195,"stat.drop.abyssalcraft.abyingot":5,"stat.drop.minecraft.iron_ingot":4,"stat.pickup.chisel.marble2":3,"stat.mineBlock.minecraft.tallgrass":22,"stat.craftItem.minecraft.cooked_mutton":28,"stat.pickup.minecraft.cooked_mutton":2,"stat.chestOpened":24,"stat.drop.mocreatures.turtleraw":1,"stat.pickup.minecraft.arrow":15,"stat.pickup.treasure2.gold_coin":2,"stat.drop.harvestcraft.juteitem":1,"stat.pickup.harvestcraft.chilipepperitem":5,"stat.fallOneCm":94893,"stat.pickup.minecraft.carrot":10,"stat.pickup.treasure2.silver_coin":4,"stat.crouchOneCm":3946,"stat.useItem.harvestcraft.chilipepperitem":1,"stat.craftItem.tconstruct.toolforge":1,"stat.craftItem.minecraft.chest":2,"stat.craftItem.minecraft.iron_ingot":60,"stat.useItem.harvestcraft.bellpepperitem":2,"stat.craftingTableInteraction":21,"stat.craftItem.tconstruct.pattern":35,"stat.pickup.minecraft.wooden_pickaxe":1,"stat.craftItem.tconstruct.materials":40,"stat.pickup.minecraft.planks":28,"stat.useItem.harvestcraft.lettuceitem":2,"stat.pickup.minecraft.iron_leggings":2,"stat.pickup.minecraft.wheat_seeds":1,"stat.mineBlock.minecraft.gravel":35,"stat.useItem.minecraft.stone_pickaxe":218,"stat.craftItem.minecraft.iron_leggings":2,"stat.drop.tconstruct.tough_tool_rod":16,"stat.mineBlock.minecraft.dirt":77,"stat.pickup.tconstruct.pattern":5,"stat.useItem.minecraft.torch":48,"stat.pickup.minecraft.crafting_table":5,"stat.useItem.minecraft.cobblestone":48,"stat.craftItem.minecraft.crafting_table":21,"stat.mineBlock.treasure2.wood_chest":3,"stat.useItem.dynamictrees.oakseed":1,"stat.pickup.minecraft.log":58,"stat.pickup.treasure2.silver_ring":1,"stat.pickup.minecraft.apple":5,"stat.pickup.harvestcraft.parsnipitem":1,"stat.craftItem.minecraft.bucket":3,"stat.craftItem.minecraft.planks":228,"stat.mineBlock.tconstruct.toolforge":2,"stat.useItem.harvestcraft.artichokeitem":2,"stat.pickup.treasure2.wood_key":1,"stat.useItem.harvestcraft.elderberryitem":2,"stat.pickup.harvestcraft.juteitem":1,"stat.pickup.tconstruct.slime_boots":1,"stat.pickup.minecraft.red_flower":3,"stat.sneakTime":2462,"stat.pickup.minecraft.wool":11,"stat.pickup.rustic.chili_pepper_seeds":1,"stat.useItem.ferdinandsflowers.block_cff_doubless":1,"stat.pickup.ferdinandsflowers.block_cff_doubless":5,"stat.pickup.minecraft.stone_slab":1,"stat.cakeSlicesEaten":2,"stat.pickup.minecraft.bone":5,"stat.useItem.minecraft.iron_axe":118,"stat.mineBlock.minecraft.cobblestone":10,"stat.pickup.minecraft.flint":4,"stat.craftItem.minecraft.wool":2,"stat.pickup.mocreatures.fur":2,"stat.mineBlock.minecraft.stained_glass_pane":2,"stat.drop.rustic.olives":1,"stat.swimOneCm":94300,"stat.pickup.harvestcraft.artichokeitem":5,"stat.climbOneCm":1813,"stat.useItem.harvestcraft.strawberryitem":3,"stat.pickup.chococraft.chocobo_drumstick_raw":1,"stat.useItem.chococraft.gysahl_green":18,"stat.useItem.minecraft.dirt":37,"stat.pickup.minecraft.golden_helmet":1,"stat.useItem.minecraft.stone_slab2":95,"stat.useItem.harvestcraft.barleyitem":6,"stat.pickup.minecraft.iron_boots":1,"stat.useItem.harvestcraft.wintersquashitem":5,"stat.craftItem.minecraft.furnace":3,"stat.useItem.tconstruct.excavator":38,"stat.drop.treasure2.copper_coin":5,"stat.killEntity.mocreatures:goat":1,"stat.craftItem.minecraft.iron_boots":2,"stat.craftItem.minecraft.stone_pickaxe":2,"stat.pickup.minecraft.cobblestone":119,"stat.mineBlock.minecraft.clay":15,"stat.useItem.minecraft.stone_shovel":97,"stat.mineBlock.chisel.limestone2":2,"stat.drop.minecraft.rabbit_hide":2,"stat.flyOneCm":2109422,"stat.pickup.minecraft.clay":10,"stat.pickup.minecraft.sandstone":5,"stat.mineBlock.minecraft.iron_ore":70,"stat.timeSinceDeath":123118,"stat.useItem.harvestcraft.peanutitem":1,"stat.pickup.minecraft.mutton":16,"stat.craftItem.minecraft.iron_block":8,"stat.pickup.travelersbackpack.travelers_backpack":1,"stat.pickup.minecraft.cake":1,"stat.useItem.minecraft.potato":6,"stat.useItem.harvestcraft.cornitem":2,"stat.craftItem.tconstruct.seared":3,"stat.pickup.tconstruct.soil":12,"stat.drop.minecraft.dirt":24,"stat.mineBlock.minecraft.coal_ore":58,"stat.pickup.minecraft.shield":1,"stat.talkedToVillager":56,"stat.craftItem.tconstruct.soil":40,"stat.pickup.minecraft.string":2,"stat.pickup.comforts.sleeping_bag":6,"stat.useItem.astralsorcery.blockmarble":2,"stat.pickup.tombstone.crafting_ingredient":1,"stat.craftItem.minecraft.stone_slab2":0,"stat.mineBlock.abyssalcraft.decorativestatue":2,"stat.useItem.harvestcraft.cucumberitem":4,"stat.craftItem.tconstruct.tooltables":6,"stat.sprintOneCm":551401,"stat.mineBlock.minecraft.stone_slab":1,"stat.drop.minecraft.leather":8,"stat.craftItem.minecraft.stick":20,"stat.useItem.carryon.tile_item":3,"stat.pickup.harvestcraft.barleyitem":7,"stat.mineBlock.minecraft.crafting_table":6,"stat.useItem.minecraft.diamond_pickaxe":3,"stat.useItem.minecraft.carrot":5,"stat.useItem.minecraft.wheat":5,"stat.pickup.chococraft.gysahl_green_seeds":6,"stat.entityKilledBy.Creeper":1,"stat.pickup.minecraft.spawn_egg":1,"stat.pickup.harvestcraft.mustardseedsitem":8,"stat.mineBlock.minecraft.planks":7,"stat.drop":106,"stat.pickup.harvestcraft.flaxitem":6,"stat.drop.treasure2.diamond_charm":1,"stat.killEntity.Sheep":11,"stat.pickup.tconstruct.tough_tool_rod":1,"stat.killEntity.Zombie":2,"stat.craftItem.minecraft.dye":2,"stat.useItem.tconstruct.hammer":88,"stat.craftItem.minecraft.clay":15,"stat.diveOneCm":93031,"stat.pickup.minecraft.wheat":6,"stat.pickup.tconstruct.tooltables":19,"stat.pickup.tconstruct.toolforge":2,"stat.pickup.minecraft.gravel":23,"stat.useItem.minecraft.apple":21,"stat.mineBlock.ferdinandsflowers.block_cff_doubless":2,"stat.useItem.minecraft.rotten_flesh":6,"stat.craftItem.travelersbackpack.backpack_tank":2,"stat.jump":3983,"stat.useItem.minecraft.sand":5,"stat.pickup.minecraft.coal":58,"stat.pickup.minecraft.iron_ingot":9,"stat.useItem.minecraft.stone_axe":81,"stat.mineBlock.harvestcraft.shadedgarden":1,"stat.pickup.harvestcraft.peanutitem":1,"stat.craftItem.minecraft.torch":48,"stat.pickup.minecraft.dirt":74,"stat.craftItem.minecraft.iron_helmet":1,"stat.pickup.harvestcraft.bellpepperitem":3,"stat.craftItem.comforts.sleeping_bag":1,"stat.pickup.minecraft.iron_ore":70,"stat.mineBlock.minecraft.iron_bars":9,"stat.craftItem.minecraft.flint_and_steel":1,"stat.mineBlock.tconstruct.tooltables":19,"stat.damageTaken":5204,"stat.pickup.minecraft.leather":12,"stat.useItem.harvestcraft.flaxitem":4,"stat.mineBlock.minecraft.red_flower":3,"stat.mineBlock.minecraft.torch":3,"stat.mineBlock.minecraft.furnace":2,"stat.useItem.minecraft.wooden_pickaxe":13,"stat.useItem.harvestcraft.radishitem":1,"stat.drop.minecraft.water_bucket":1,"stat.drop.tconstruct.slimesling":2,"stat.useItem.harvestcraft.mustardseedsitem":4,"tombstone:undead_killed":6,"stat.pickup.minecraft.potato":6,"stat.pickup.minecraft.oak_stairs":3,"stat.pickup.minecraft.rabbit_hide":2,"stat.damageDealt":10890,"stat.craftItem.minecraft.glass":14,"stat.sleepInBed":24,"stat.pickup.chococraft.gysahl_green":18,"stat.pickup.harvestcraft.lettuceitem":2,"stat.killEntity.Cow":19,"stat.useItem.minecraft.crafting_table":14,"stat.pickup.harvestcraft.elderberryitem":3,"stat.useItem.harvestcraft.onionitem":7,"stat.craftItem.minecraft.stone_shovel":2,"stat.walkOneCm":583017,"stat.drop.minecraft.wheat":1,"stat.pickup.minecraft.stick":34,"stat.pickup.minecraft.diamond_pickaxe":1,"stat.pickup.minecraft.clay_ball":60,"stat.killEntity.mocreatures:wildhorse":9,"stat.drop.treasure2.silver_coin":6,"stat.pickup.betteranimalsplus.pheasant_egg":3,"stat.useItem.tombstone.gift":2,"stat.useItem.harvestcraft.scallionitem":1,"stat.craftItem.minecraft.iron_chestplate":2,"stat.pickup.abyssalcraft.decorativestatue":2,"stat.drop.chococraft.gysahl_green_seeds":2,"stat.killEntity.Skeleton":4,"stat.craftItem.travelersbackpack.sleeping_bag_bottom":1,"stat.pickup.harvestcraft.amaranthitem":9,"stat.pickup.harvestcraft.cucumberitem":10,"stat.killEntity.Spider":1,"stat.pickup.harvestcraft.strawberryitem":6,"stat.mobKills":52,"stat.mineBlock.minecraft.leaves":1,"stat.pickup.minecraft.torch":2,"stat.pickup.treasure2.onyx_charm":1,"stat.pickup.astralsorcery.blockmarble":12,"stat.mineBlock.minecraft.stone":108,"stat.killEntity.mocreatures:turtle":1,"stat.useItem.minecraft.sandstone":1}