{"stat.cakeSlicesEaten":7,"stat.killEntity.mocreatures:snake":1,"stat.pickup.minecraft.redstone_torch":10,"stat.leaveGame":14,"stat.drop.tconstruct.sharpening_kit":5,"stat.pickup.minecraft.flint":11,"stat.killEntity.betteranimalsplus.goat":1,"stat.mineBlock.minecraft.yellow_flower":1,"stat.swimOneCm":48939,"stat.useItem.minecraft.planks":42,"stat.climbOneCm":1582,"stat.craftItem.minecraft.shield":2,"stat.drop.minecraft.feather":2,"stat.useItem.chococraft.gysahl_green":2,"stat.useItem.minecraft.dirt":1,"stat.useItem.minecraft.stone_slab2":60,"stat.pickup.minecraft.rotten_flesh":2,"stat.pickup.minecraft.sand":48,"stat.craftItem.minecraft.furnace":2,"stat.useItem.minecraft.egg":1,"stat.craftItem.minecraft.stone_axe":1,"stat.craftItem.minecraft.iron_boots":1,"stat.craftItem.minecraft.stone_pickaxe":2,"stat.craftItem.minecraft.cooked_beef":4,"stat.pickup.minecraft.cobblestone":179,"stat.mineBlock.minecraft.clay":15,"stat.flyOneCm":262311,"stat.craftItem.minecraft.iron_shovel":2,"stat.mineBlock.minecraft.snow_layer":4,"stat.mineBlock.minecraft.sand":48,"stat.drop.minecraft.wheat_seeds":1,"stat.useItem.minecraft.cooked_beef":4,"stat.useItem.betteranimalsplus.pheasantraw":2,"stat.mineBlock.minecraft.iron_ore":67,"stat.timeSinceDeath":8120,"stat.useItem.minecraft.iron_pickaxe":56,"stat.craftItem.minecraft.wooden_pickaxe":1,"stat.pickup.minecraft.mutton":11,"stat.useItem.minecraft.iron_shovel":136,"stat.craftItem.minecraft.iron_block":8,"stat.craftItem.minecraft.bed":1,"stat.mineBlock.chisel.marble2":1,"stat.craftItem.tconstruct.seared":16,"stat.furnaceInteraction":32,"stat.killEntity.mocreatures:crab":1,"stat.pickup.mocreatures.turtleraw":1,"stat.mineBlock.minecraft.coal_ore":29,"stat.talkedToVillager":6,"stat.craftItem.tconstruct.soil":80,"stat.useItem.astralsorcery.blockmarble":10,"stat.pickup.minecraft.beef":4,"stat.pickup.minecraft.furnace":3,"stat.useItem.minecraft.cooked_mutton":9,"stat.craftItem.minecraft.stone_slab2":0,"stat.craftItem.tconstruct.tooltables":8,"stat.sprintOneCm":327221,"stat.drop.rustic.tomato_seeds":1,"stat.useItem.rustic.wildberries":5,"stat.craftItem.minecraft.stick":20,"stat.pickup.treasure2.equip_mana_runestone":1,"stat.useItem.carryon.tile_item":1,"stat.killEntity.mocreatures:mole":1,"stat.useItem.minecraft.flint_and_steel":24,"stat.mineBlock.astralsorcery.blockmarble":13,"stat.killEntity.mocreatures:mouse":1,"stat.pickup.dynamictrees.oakseed":13,"stat.entityKilledBy.betteranimalsplus.boar":2,"stat.mineBlock.minecraft.planks":13,"stat.deaths":6,"stat.drop":13,"stat.pickup.minecraft.egg":1,"stat.playOneMinute":152322,"stat.killEntity.Sheep":7,"stat.killEntity.Zombie":1,"stat.useItem.rustic.horsetail":1,"stat.pickup.minecraft.snowball":8,"stat.useItem.tconstruct.hammer":100,"stat.craftItem.minecraft.clay":15,"stat.pickup.chisel.marble2":1,"stat.mineBlock.minecraft.tallgrass":17,"stat.craftItem.minecraft.cooked_mutton":9,"stat.diveOneCm":55909,"stat.chestOpened":26,"stat.pickup.tconstruct.tooltables":17,"stat.pickup.tconstruct.toolforge":2,"stat.pickup.minecraft.gravel":50,"stat.pickup.minecraft.stone_axe":1,"stat.useItem.minecraft.rotten_flesh":2,"stat.jump":1898,"stat.pickup.minecraft.coal":30,"stat.fallOneCm":48988,"stat.pickup.minecraft.iron_ingot":3,"stat.useItem.minecraft.stone_axe":68,"stat.mineBlock.rustic.horsetail":1,"stat.crouchOneCm":974,"stat.craftItem.tconstruct.toolforge":2,"stat.craftItem.minecraft.chest":1,"stat.craftItem.minecraft.torch":44,"stat.craftItem.minecraft.iron_ingot":65,"stat.pickup.rustic.grape_stem":6,"stat.pickup.minecraft.dirt":11,"stat.craftItem.minecraft.iron_helmet":1,"stat.craftItem.comforts.sleeping_bag":2,"stat.craftingTableInteraction":9,"stat.pickup.minecraft.iron_ore":87,"stat.pickup.rustic.horsetail":2,"stat.pickup.leatherworks.rawhide_cow":1,"stat.drop.tconstruct.hammer":1,"stat.craftItem.minecraft.flint_and_steel":2,"stat.pickup.rustic.tomato_seeds":2,"stat.mineBlock.tconstruct.tooltables":17,"stat.craftItem.tconstruct.pattern":23,"stat.damageTaken":1822,"stat.pickup.minecraft.feather":2,"stat.mineBlock.minecraft.furnace":3,"stat.mineBlock.minecraft.torch":1,"stat.useItem.minecraft.wooden_pickaxe":14,"stat.dispenserInspected":3,"stat.craftItem.tconstruct.materials":64,"stat.pickup.minecraft.planks":13,"tombstone:undead_killed":1,"stat.pickup.minecraft.wheat_seeds":1,"stat.entityKilledBy.Zombie":1,"stat.mineBlock.minecraft.gravel":66,"stat.useItem.minecraft.stone_pickaxe":130,"stat.craftItem.minecraft.iron_leggings":1,"stat.damageDealt":1846,"stat.sleepInBed":1,"stat.pickup.chococraft.gysahl_green":2,"stat.killEntity.Cow":2,"stat.mineBlock.minecraft.dirt":17,"stat.craftItem.minecraft.iron_sword":2,"stat.walkOneCm":319368,"stat.pickup.tconstruct.pattern":4,"stat.useItem.minecraft.torch":50,"stat.pickup.minecraft.stick":21,"stat.pickup.minecraft.clay_ball":60,"stat.useItem.minecraft.cobblestone":19,"stat.craftItem.minecraft.crafting_table":6,"stat.useItem.mocreatures.turtleraw":1,"stat.useItem.minecraft.gravel":8,"stat.useItem.dynamictrees.oakseed":6,"stat.pickup.minecraft.log":53,"stat.craftItem.minecraft.iron_chestplate":1,"stat.pickup.betteranimalsplus.pheasantraw":2,"stat.pickup.minecraft.sapling":1,"stat.useItem.minecraft.fireworks":24,"stat.mineBlock.abyssalcraft.monolithstone":2,"stat.drop.dynamictrees.oakseed":2,"stat.pickup.mocreatures.mocegg":2,"stat.craftItem.minecraft.planks":136,"stat.mineBlock.tconstruct.toolforge":2,"stat.useItem.minecraft.iron_sword":44,"stat.mineBlock.minecraft.redstone_torch":10,"stat.entityKilledBy.betteranimalsplus.coyote":1,"stat.mobKills":18,"stat.mineBlock.minecraft.log":5,"stat.useItem.carryon.entity_item":3,"stat.pickup.minecraft.torch":2,"stat.mineBlock.abyssalcraft.shoggothbiomass":1,"stat.sneakTime":1015,"stat.pickup.minecraft.wool":6,"stat.pickup.rustic.chili_pepper_seeds":1,"stat.pickup.astralsorcery.blockmarble":15,"stat.drop.minecraft.stone_axe":1,"stat.mineBlock.minecraft.stone":184,"stat.killEntity.mocreatures:turtle":1}