{"stat.drop.minecraft.mutton":1,"stat.leaveGame":5,"stat.useItem.harvestcraft.amaranthitem":6,"stat.drop.treasure2.gold_coin":2,"stat.pickup.abyssalcraft.abyingot":3,"stat.craftItem.minecraft.iron_axe":2,"stat.mineBlock.minecraft.sandstone":8,"stat.craftItem.minecraft.shield":1,"stat.useItem.minecraft.planks":8,"stat.pickup.minecraft.porkchop":6,"stat.pickup.tconstruct.slimesling":3,"stat.useItem.minecraft.water_bucket":1,"stat.pickup.minecraft.rotten_flesh":6,"stat.pickup.minecraft.sand":65,"stat.killEntity.Donkey":1,"stat.craftItem.minecraft.stone_axe":1,"stat.drop.minecraft.leather_boots":1,"stat.pickup.harvestcraft.wintersquashitem":5,"stat.pickup.minecraft.leather_boots":1,"stat.pickup.harvestcraft.radishitem":1,"stat.useItem.minecraft.brown_mushroom":2,"stat.pickup.minecraft.brown_mushroom":3,"stat.mineBlock.minecraft.sand":51,"stat.drop.minecraft.sand":2,"stat.entityKilledBy.cw_ent":8,"stat.pickup.harvestcraft.scallionitem":1,"stat.craftItem.minecraft.wooden_pickaxe":1,"stat.pickup.harvestcraft.onionitem":3,"stat.mineBlock.chisel.marble2":7,"stat.useItem.minecraft.oak_stairs":2,"stat.furnaceInteraction":41,"stat.killEntity.mocreatures:crab":1,"stat.pickup.mocreatures.turtleraw":1,"stat.killEntity.mocreatures:greenogre":1,"stat.pickup.minecraft.beef":29,"stat.useItem.minecraft.cooked_mutton":25,"stat.pickup.minecraft.furnace":2,"stat.mineBlock.harvestcraft.windygarden":19,"stat.useItem.rustic.wildberries":3,"stat.pickup.treasure2.wood_chest":3,"stat.useItem.minecraft.flint_and_steel":41,"stat.mineBlock.astralsorcery.blockmarble":28,"stat.pickup.rustic.olives":1,"stat.pickup.minecraft.emerald":1,"stat.pickup.dynamictrees.oakseed":1,"stat.entityKilledBy.betteranimalsplus.boar":1,"stat.deaths":12,"stat.playOneMinute":245628,"stat.pickup.chisel.marble2":3,"stat.mineBlock.minecraft.tallgrass":19,"stat.craftItem.minecraft.cooked_mutton":22,"stat.pickup.minecraft.cooked_mutton":2,"stat.chestOpened":14,"stat.drop.mocreatures.turtleraw":1,"stat.pickup.minecraft.arrow":15,"stat.pickup.treasure2.gold_coin":2,"stat.drop.harvestcraft.juteitem":1,"stat.pickup.harvestcraft.chilipepperitem":1,"stat.fallOneCm":94231,"stat.pickup.minecraft.carrot":5,"stat.pickup.treasure2.silver_coin":4,"stat.crouchOneCm":3237,"stat.useItem.harvestcraft.chilipepperitem":1,"stat.craftItem.tconstruct.toolforge":1,"stat.craftItem.minecraft.chest":1,"stat.craftItem.minecraft.iron_ingot":60,"stat.useItem.harvestcraft.bellpepperitem":1,"stat.craftingTableInteraction":11,"stat.craftItem.tconstruct.pattern":35,"stat.pickup.minecraft.wooden_pickaxe":1,"stat.craftItem.tconstruct.materials":40,"stat.pickup.minecraft.planks":22,"stat.pickup.minecraft.iron_leggings":2,"stat.mineBlock.minecraft.gravel":35,"stat.useItem.minecraft.stone_pickaxe":218,"stat.craftItem.minecraft.iron_leggings":2,"stat.drop.tconstruct.tough_tool_rod":16,"stat.mineBlock.minecraft.dirt":77,"stat.pickup.tconstruct.pattern":5,"stat.useItem.minecraft.torch":48,"stat.pickup.minecraft.crafting_table":3,"stat.useItem.minecraft.cobblestone":45,"stat.craftItem.minecraft.crafting_table":3,"stat.mineBlock.treasure2.wood_chest":3,"stat.pickup.minecraft.log":43,"stat.pickup.treasure2.silver_ring":1,"stat.pickup.minecraft.apple":5,"stat.pickup.harvestcraft.parsnipitem":1,"stat.craftItem.minecraft.bucket":2,"stat.craftItem.minecraft.planks":168,"stat.mineBlock.tconstruct.toolforge":2,"stat.useItem.harvestcraft.artichokeitem":2,"stat.pickup.treasure2.wood_key":1,"stat.useItem.harvestcraft.elderberryitem":2,"stat.pickup.harvestcraft.juteitem":1,"stat.pickup.tconstruct.slime_boots":1,"stat.pickup.minecraft.red_flower":3,"stat.sneakTime":1900,"stat.pickup.minecraft.wool":11,"stat.pickup.rustic.chili_pepper_seeds":1,"stat.useItem.ferdinandsflowers.block_cff_doubless":1,"stat.pickup.ferdinandsflowers.block_cff_doubless":5,"stat.cakeSlicesEaten":2,"stat.pickup.minecraft.bone":5,"stat.useItem.minecraft.iron_axe":58,"stat.mineBlock.minecraft.cobblestone":10,"stat.pickup.minecraft.flint":4,"stat.craftItem.minecraft.wool":2,"stat.pickup.mocreatures.fur":2,"stat.mineBlock.minecraft.stained_glass_pane":2,"stat.drop.rustic.olives":1,"stat.swimOneCm":85514,"stat.pickup.harvestcraft.artichokeitem":2,"stat.climbOneCm":929,"stat.useItem.harvestcraft.strawberryitem":3,"stat.useItem.chococraft.gysahl_green":18,"stat.useItem.minecraft.dirt":37,"stat.pickup.minecraft.golden_helmet":1,"stat.useItem.minecraft.stone_slab2":82,"stat.useItem.harvestcraft.barleyitem":6,"stat.pickup.minecraft.iron_boots":1,"stat.useItem.harvestcraft.wintersquashitem":5,"stat.craftItem.minecraft.furnace":3,"stat.useItem.tconstruct.excavator":38,"stat.drop.treasure2.copper_coin":5,"stat.killEntity.mocreatures:goat":1,"stat.craftItem.minecraft.iron_boots":2,"stat.craftItem.minecraft.stone_pickaxe":2,"stat.pickup.minecraft.cobblestone":118,"stat.mineBlock.minecraft.clay":15,"stat.useItem.minecraft.stone_shovel":97,"stat.mineBlock.chisel.limestone2":2,"stat.drop.minecraft.rabbit_hide":2,"stat.flyOneCm":1767111,"stat.pickup.minecraft.clay":10,"stat.pickup.minecraft.sandstone":5,"stat.mineBlock.minecraft.iron_ore":70,"stat.timeSinceDeath":81551,"stat.pickup.minecraft.mutton":16,"stat.craftItem.minecraft.iron_block":8,"stat.pickup.minecraft.cake":1,"stat.useItem.minecraft.potato":3,"stat.craftItem.tconstruct.seared":3,"stat.pickup.tconstruct.soil":12,"stat.drop.minecraft.dirt":24,"stat.mineBlock.minecraft.coal_ore":58,"stat.pickup.minecraft.shield":1,"stat.talkedToVillager":44,"stat.craftItem.tconstruct.soil":40,"stat.pickup.comforts.sleeping_bag":5,"stat.useItem.astralsorcery.blockmarble":2,"stat.pickup.tombstone.crafting_ingredient":1,"stat.craftItem.minecraft.stone_slab2":0,"stat.mineBlock.abyssalcraft.decorativestatue":1,"stat.useItem.harvestcraft.cucumberitem":4,"stat.craftItem.tconstruct.tooltables":5,"stat.sprintOneCm":502537,"stat.craftItem.minecraft.stick":20,"stat.useItem.carryon.tile_item":3,"stat.pickup.harvestcraft.barleyitem":6,"stat.mineBlock.minecraft.crafting_table":4,"stat.useItem.minecraft.diamond_pickaxe":1,"stat.useItem.minecraft.carrot":5,"stat.useItem.minecraft.wheat":2,"stat.pickup.chococraft.gysahl_green_seeds":6,"stat.entityKilledBy.Creeper":1,"stat.pickup.minecraft.spawn_egg":1,"stat.pickup.harvestcraft.mustardseedsitem":3,"stat.mineBlock.minecraft.planks":1,"stat.drop":88,"stat.pickup.harvestcraft.flaxitem":3,"stat.drop.treasure2.diamond_charm":1,"stat.killEntity.Sheep":11,"stat.pickup.tconstruct.tough_tool_rod":1,"stat.killEntity.Zombie":1,"stat.craftItem.minecraft.dye":2,"stat.useItem.tconstruct.hammer":88,"stat.craftItem.minecraft.clay":15,"stat.diveOneCm":87907,"stat.pickup.minecraft.wheat":2,"stat.pickup.tconstruct.tooltables":15,"stat.pickup.tconstruct.toolforge":2,"stat.pickup.minecraft.gravel":23,"stat.useItem.minecraft.apple":21,"stat.mineBlock.ferdinandsflowers.block_cff_doubless":2,"stat.useItem.minecraft.rotten_flesh":6,"stat.jump":3550,"stat.useItem.minecraft.sand":5,"stat.pickup.minecraft.coal":58,"stat.pickup.minecraft.iron_ingot":9,"stat.useItem.minecraft.stone_axe":81,"stat.mineBlock.harvestcraft.shadedgarden":1,"stat.craftItem.minecraft.torch":48,"stat.pickup.minecraft.dirt":74,"stat.pickup.harvestcraft.bellpepperitem":2,"stat.craftItem.comforts.sleeping_bag":1,"stat.pickup.minecraft.iron_ore":70,"stat.mineBlock.minecraft.iron_bars":9,"stat.craftItem.minecraft.flint_and_steel":1,"stat.mineBlock.tconstruct.tooltables":16,"stat.damageTaken":4585,"stat.pickup.minecraft.leather":4,"stat.useItem.harvestcraft.flaxitem":3,"stat.mineBlock.minecraft.red_flower":3,"stat.mineBlock.minecraft.torch":3,"stat.mineBlock.minecraft.furnace":2,"stat.useItem.minecraft.wooden_pickaxe":13,"stat.useItem.harvestcraft.radishitem":1,"stat.drop.minecraft.water_bucket":1,"stat.drop.tconstruct.slimesling":2,"stat.useItem.harvestcraft.mustardseedsitem":3,"tombstone:undead_killed":5,"stat.pickup.minecraft.potato":3,"stat.pickup.minecraft.oak_stairs":3,"stat.pickup.minecraft.rabbit_hide":2,"stat.damageDealt":7930,"stat.sleepInBed":21,"stat.pickup.chococraft.gysahl_green":18,"stat.killEntity.Cow":19,"stat.pickup.harvestcraft.elderberryitem":2,"stat.useItem.harvestcraft.onionitem":3,"stat.craftItem.minecraft.stone_shovel":2,"stat.walkOneCm":509739,"stat.pickup.minecraft.stick":26,"stat.pickup.minecraft.diamond_pickaxe":1,"stat.pickup.minecraft.clay_ball":60,"stat.killEntity.mocreatures:wildhorse":4,"stat.drop.treasure2.silver_coin":6,"stat.pickup.betteranimalsplus.pheasant_egg":3,"stat.useItem.tombstone.gift":2,"stat.useItem.harvestcraft.scallionitem":1,"stat.craftItem.minecraft.iron_chestplate":2,"stat.pickup.abyssalcraft.decorativestatue":1,"stat.drop.chococraft.gysahl_green_seeds":2,"stat.killEntity.Skeleton":4,"stat.craftItem.travelersbackpack.sleeping_bag_bottom":1,"stat.pickup.harvestcraft.amaranthitem":6,"stat.pickup.harvestcraft.cucumberitem":6,"stat.pickup.harvestcraft.strawberryitem":3,"stat.mobKills":44,"stat.mineBlock.minecraft.leaves":1,"stat.pickup.minecraft.torch":2,"stat.pickup.treasure2.onyx_charm":1,"stat.pickup.astralsorcery.blockmarble":12,"stat.mineBlock.minecraft.stone":108,"stat.killEntity.mocreatures:turtle":1,"stat.useItem.minecraft.sandstone":1}