{"stat.leaveGame":19,"stat.useItem.harvestcraft.amaranthitem":10,"stat.drop.treasure2.gold_coin":2,"stat.entityKilledBy.mocreatures:firemanticore":1,"stat.pickup.extrautils2.redorchid":3,"stat.drop.minecraft.redstone":2,"stat.killEntity.abyssalcraft.demoncow":1,"stat.mineBlock.minecraft.sandstone":8,"stat.pickup.tconstruct.faucet":7,"stat.craftItem.minecraft.shield":1,"stat.killEntity.nightmares.spider":6,"stat.pickup.harvestcraft.seaweeditem":10,"stat.pickup.minecraft.rotten_flesh":10,"stat.useItem.chococraft.chocobo_drumstick_raw":1,"stat.killEntity.Donkey":1,"stat.craftItem.minecraft.stone_axe":1,"stat.drop.minecraft.leather_boots":1,"stat.pickup.minecraft.bucket":2,"stat.pickup.minecraft.leather_boots":1,"stat.entityKilledBy.artifacts.mimic":1,"stat.pickup.harvestcraft.radishitem":4,"stat.pickup.minecraft.brown_mushroom":3,"stat.drop.minecraft.sand":2,"stat.entityKilledBy.cw_ent":8,"stat.pickup.harvestcraft.scallionitem":3,"stat.pickup.conarm.armor_trim":3,"stat.drop.harvestcraft.radishitem":2,"stat.craftItem.minecraft.wooden_pickaxe":1,"stat.craftItem.conarm.armorforge":2,"stat.craftItem.conarm.book":2,"stat.useItem.minecraft.iron_shovel":31,"stat.craftItem.minecraft.bed":2,"stat.useItem.harvestcraft.asparagusitem":7,"stat.pickup.harvestcraft.onionitem":8,"stat.mineBlock.chisel.marble2":7,"stat.furnaceInteraction":74,"stat.killEntity.mocreatures:crab":1,"stat.drop.extrautils2.redorchid":1,"stat.pickup.mocreatures.turtleraw":1,"stat.pickup.harvestcraft.cornitem":5,"stat.killEntity.mocreatures:greenogre":1,"stat.pickup.minecraft.beef":30,"stat.killEntity.mocreatures:duck":1,"stat.pickup.harvestcraft.brusselsproutitem":11,"stat.pickup.minecraft.leather_helmet":1,"stat.useItem.rustic.wildberries":4,"stat.pickup.mca.rose_gold_ore":6,"stat.pickup.minecraft.potion":1,"stat.pickup.tconstruct.hammer":9,"stat.useItem.minecraft.flint_and_steel":54,"stat.pickup.tconstruct.smeltery_io":5,"stat.useItem.harvestcraft.tomatilloitem":3,"stat.mineBlock.astralsorcery.blockmarble":28,"stat.pickup.rustic.olives":1,"stat.pickup.minecraft.emerald":1,"stat.pickup.dynamictrees.oakseed":6,"stat.deaths":36,"stat.craftItem.ferdinandsflowers.flower_dye":2,"stat.useItem.harvestcraft.okraitem":4,"stat.craftItem.conarm.armorstation":1,"stat.drop.minecraft.iron_ingot":4,"stat.pickup.chisel.marble2":3,"stat.mineBlock.minecraft.tallgrass":29,"stat.craftItem.minecraft.cooked_mutton":28,"stat.pickup.minecraft.cooked_mutton":2,"stat.pickup.tconstruct.seared":43,"stat.chestOpened":96,"stat.drop.mocreatures.turtleraw":1,"stat.pickup.minecraft.arrow":30,"stat.pickup.minecraft.iron_sword":1,"stat.pickup.harvestcraft.waterchestnutitem":7,"stat.pickup.treasure2.gold_coin":2,"stat.killEntity.Ghast":2,"stat.drop.harvestcraft.scallionitem":1,"stat.pickup.harvestcraft.chilipepperitem":6,"stat.pickup.tconstruct.cast_custom":4,"stat.pickup.minecraft.carrot":13,"stat.pickup.treasure2.silver_coin":4,"stat.pickup.conarm.armor_plate":3,"stat.crouchOneCm":15324,"stat.mineBlock.minecraft.chest":5,"stat.craftItem.minecraft.iron_ingot":119,"stat.pickup.rustic.grape_stem":8,"stat.craftingTableInteraction":45,"stat.craftItem.tconstruct.pattern":71,"stat.pickup.minecraft.wooden_pickaxe":1,"stat.mineBlock.tconstruct.smeltery_io":5,"stat.pickup.minecraft.dye":181,"stat.pickup.minecraft.planks":41,"stat.useItem.harvestcraft.lettuceitem":6,"stat.pickup.minecraft.wheat_seeds":3,"stat.pickup.mocreatures.duckraw":1,"stat.drop.harvestcraft.blackberryitem":1,"stat.mineBlock.betternether.nether_mycelium":1,"stat.mineBlock.minecraft.dirt":87,"stat.pickup.tconstruct.pattern":7,"stat.drop.minecraft.rotten_flesh":1,"stat.useItem.minecraft.cobblestone":307,"stat.mineBlock.betternether.cincinnasite_ore":4,"stat.useItem.dynamictrees.oakseed":1,"stat.useItem.harvestcraft.sweetpotatoitem":1,"stat.drop.minecraft.iron_ore":4,"stat.craftItem.betternether.bone_button":1,"stat.craftItem.minecraft.gold_ingot":10,"stat.useItem.harvestcraft.riceitem":6,"stat.pickup.minecraft.apple":5,"stat.craftItem.minecraft.bucket":5,"stat.craftItem.minecraft.planks":320,"stat.useItem.harvestcraft.artichokeitem":4,"stat.mineBlock.abyssalcraft.coraliumore":26,"stat.mineBlock.minecraft.log":31,"stat.useItem.harvestcraft.elderberryitem":2,"stat.pickup.minecraft.red_flower":3,"stat.pickup.minecraft.wool":15,"stat.useItem.ferdinandsflowers.block_cff_doubless":1,"stat.pickup.ferdinandsflowers.block_cff_doubless":5,"stat.cakeSlicesEaten":2,"stat.useItem.minecraft.iron_axe":270,"stat.drop.minecraft.stone_shovel":1,"stat.mineBlock.minecraft.cobblestone":40,"stat.craftItem.tconstruct.edible":280,"stat.pickup.minecraft.flint":6,"stat.useItem.harvestcraft.milletitem":3,"stat.pickup.abyssalcraft.corflesh":3,"stat.killEntity.firefly":1,"stat.entityKilledBy.mocreatures:hellrat":2,"stat.craftItem.minecraft.wool":4,"stat.pickup.mocreatures.fur":2,"stat.mineBlock.minecraft.stained_glass_pane":2,"stat.pickup.minecraft.enchanted_book":1,"stat.drop.minecraft.cobblestone":6,"stat.useItem.minecraft.obsidian":10,"stat.useItem.chococraft.gysahl_green":53,"stat.useItem.harvestcraft.tomatoitem":1,"stat.useItem.minecraft.cookie":6,"stat.useItem.minecraft.stone_slab2":193,"stat.pickup.minecraft.iron_boots":1,"stat.useItem.harvestcraft.wintersquashitem":5,"stat.craftItem.minecraft.furnace":5,"stat.craftItem.minecraft.lapis_block":24,"stat.pickup.conarm.armorforge":1,"stat.killEntity.mocreatures:goat":1,"stat.craftItem.minecraft.iron_boots":2,"stat.mineBlock.minecraft.obsidian":32,"stat.pickup.harvestcraft.jicamaitem":10,"stat.mineBlock.minecraft.clay":19,"stat.drop.harvestcraft.leekitem":2,"stat.flyOneCm":3463620,"stat.pickup.minecraft.sandstone":5,"stat.pickup.harvestcraft.cranberryitem":10,"stat.useItem.harvestcraft.jicamaitem":10,"stat.timeSinceDeath":63653,"stat.mineBlock.betternether.bone_stairs":2,"stat.drop.minecraft.spider_eye":1,"stat.craftItem.minecraft.iron_block":16,"stat.pickup.travelersbackpack.travelers_backpack":9,"stat.pickup.harvestcraft.riceitem":6,"stat.useItem.minecraft.potato":6,"stat.craftItem.tconstruct.seared":36,"stat.pickup.minecraft.nether_wart":1,"stat.useItem.harvestcraft.blueberryitem":6,"stat.mineBlock.minecraft.coal_ore":112,"stat.pickup.minecraft.shield":1,"stat.killEntity.Creeper":1,"stat.talkedToVillager":59,"stat.pickup.extrautils2.ingredients":4,"stat.pickup.minecraft.string":22,"stat.pickup.abyssalcraft.nitre":12,"stat.pickup.comforts.sleeping_bag":6,"stat.pickup.harvestcraft.asparagusitem":13,"stat.pickup.tombstone.crafting_ingredient":4,"stat.pickup.betternether.bone_block":4,"stat.craftItem.tconstruct.tooltables":8,"stat.sprintOneCm":994754,"stat.mineBlock.minecraft.stone_slab":1,"stat.drop.minecraft.leather":8,"stat.useItem.harvestcraft.cottonitem":1,"stat.useItem.carryon.tile_item":5,"stat.mineBlock.minecraft.diamond_ore":7,"stat.drop.harvestcraft.garlicitem":1,"stat.useItem.harvestcraft.waterchestnutitem":7,"stat.pickup.minecraft.leather_leggings":1,"stat.pickup.minecraft.spawn_egg":4,"stat.pickup.harvestcraft.mustardseedsitem":17,"stat.pickup.harvestcraft.flaxitem":8,"stat.pickup.minecraft.iron_block":2,"stat.killEntity.Zombie":8,"stat.craftItem.minecraft.dye":2,"stat.useItem.tconstruct.hammer":3196,"stat.mineBlock.minecraft.gold_ore":14,"stat.diveOneCm":220871,"stat.pickup.minecraft.wheat":9,"stat.pickup.tconstruct.tooltables":30,"stat.mineBlock.tconstruct.firewood":2,"stat.mineBlock.ferdinandsflowers.block_cff_flowersc":1,"stat.mineBlock.ferdinandsflowers.block_cff_flowersd":1,"stat.pickup.minecraft.obsidian":32,"stat.useItem.minecraft.rotten_flesh":9,"stat.jump":7708,"stat.useItem.minecraft.sand":5,"stat.pickup.minecraft.coal":79,"stat.pickup.minecraft.iron_ingot":18,"stat.pickup.tconstruct.seared_tank":3,"stat.pickup.minecraft.gunpowder":2,"stat.pickup.harvestcraft.milletitem":3,"stat.craftItem.minecraft.torch":148,"stat.pickup.minecraft.dirt":83,"stat.craftItem.comforts.sleeping_bag":1,"stat.drop.of.coffee_bean":1,"stat.pickup.minecraft.stone_shovel":1,"stat.useItem.minecraft.sapling":6,"stat.pickup.minecraft.gold_ore":33,"stat.mineBlock.minecraft.lapis_ore":25,"stat.drop.tconstruct.hammer":4,"stat.pickup.tconstruct.firewood":1,"stat.pickup.minecraft.iron_axe":2,"stat.pickup.minecraft.cookie":6,"stat.mineBlock.betternether.bone_block":6,"stat.damageTaken":12970,"stat.mineBlock.minecraft.red_flower":3,"stat.mineBlock.minecraft.torch":3,"stat.useItem.harvestcraft.radishitem":2,"stat.drop.tconstruct.slimesling":2,"stat.pickup.conarm.chest_core":1,"stat.pickup.minecraft.bed":2,"stat.pickup.minecraft.potato":6,"stat.pickup.minecraft.rabbit_hide":2,"stat.pickup.conarm.helmet_core":1,"stat.pickup.chococraft.gysahl_green":54,"stat.pickup.harvestcraft.lettuceitem":6,"stat.pickup.artifacts.shiny_red_balloon":3,"stat.useItem.harvestcraft.onionitem":8,"stat.craftItem.tconstruct.smeltery_io":5,"stat.useItem.minecraft.chest":4,"stat.drop.minecraft.wheat":1,"stat.pickup.minecraft.diamond_pickaxe":1,"stat.pickup.harvestcraft.greengrapeitem":6,"stat.killEntity.betteranimalsplus.feralwolf":2,"stat.useItem.minecraft.lava_bucket":1,"stat.drop.minecraft.netherrack":2,"stat.pickup.betteranimalsplus.pheasant_egg":3,"stat.useItem.tombstone.gift":2,"stat.pickup.harvestcraft.spiceleafitem":11,"stat.useItem.harvestcraft.scallionitem":2,"stat.craftItem.minecraft.iron_chestplate":4,"stat.pickup.abyssalcraft.decorativestatue":2,"stat.craftItem.tconstruct.firewood":8,"stat.useItem.minecraft.netherrack":140,"stat.craftItem.travelersbackpack.sleeping_bag_bottom":2,"stat.useItem.harvestcraft.parsnipitem":3,"stat.pickup.harvestcraft.cucumberitem":11,"stat.pickup.harvestcraft.strawberryitem":7,"stat.mineBlock.betternether.bone_mushroom":1,"stat.mobKills":112,"stat.pickup.artifacts.whoopie_cushion":1,"stat.pickup.minecraft.diamond":14,"stat.pickup.minecraft.torch":7,"stat.pickup.treasure2.onyx_charm":1,"stat.pickup.astralsorcery.blockmarble":12,"stat.useItem.harvestcraft.mulberryitem":10,"stat.drop.minecraft.mutton":1,"stat.pickup.abyssalcraft.coralium":33,"stat.pickup.tconstruct.shuriken":1,"stat.mineBlock.tconstruct.seared_tank":3,"stat.pickup.abyssalcraft.abyingot":8,"stat.craftItem.minecraft.iron_axe":3,"stat.useItem.harvestcraft.seaweeditem":8,"stat.killEntity.Blaze":20,"stat.useItem.minecraft.planks":22,"stat.pickup.minecraft.porkchop":6,"stat.pickup.tconstruct.slimesling":4,"stat.useItem.minecraft.water_bucket":5,"stat.mineBlock.minecraft.nether_brick_fence":4,"stat.pickup.minecraft.sand":96,"stat.killEntity.abyssalcraft.abyssalzombie":2,"stat.pickup.harvestcraft.sweetpotatoitem":1,"stat.pickup.harvestcraft.wintersquashitem":6,"stat.killEntity.abyssalcraft.depthsghoul":2,"stat.craftItem.tconstruct.casting":7,"stat.useItem.minecraft.brown_mushroom":2,"stat.pickup.betternether.smoker":3,"stat.mineBlock.minecraft.sand":84,"stat.craftItem.minecraft.blaze_powder":16,"stat.drop.tconstruct.excavator":2,"stat.useItem.minecraft.oak_stairs":2,"stat.mineBlock.tconstruct.slime_vine_blue_mid":1,"stat.useItem.minecraft.cooked_mutton":37,"stat.pickup.minecraft.furnace":2,"stat.pickup.tconstruct.cast":3,"stat.mineBlock.harvestcraft.windygarden":49,"stat.craftItem.travelersbackpack.travelers_backpack":3,"stat.pickup.minecraft.iron_chestplate":2,"stat.useItem.tconstruct.firewood":2,"stat.pickup.treasure2.wood_chest":3,"stat.pickup.tconstruct.slime_dirt":130,"stat.mineBlock.minecraft.soul_sand":2,"stat.entityKilledBy.betteranimalsplus.boar":2,"stat.playOneMinute":800649,"stat.pickup.minecraft.blaze_rod":8,"stat.drop.minecraft.string":2,"stat.drop.abyssalcraft.abyingot":5,"stat.pickup.minecraft.netherrack":530,"stat.pickup.harvestcraft.cottonitem":1,"stat.pickup.harvestcraft.kaleitem":4,"stat.pickup.harvestcraft.tomatoitem":1,"stat.pickup.tconstruct.casting":13,"stat.mineBlock.minecraft.netherrack":633,"stat.pickup.harvestcraft.tomatilloitem":3,"stat.drop.harvestcraft.juteitem":1,"stat.mineBlock.rustic.slate":50,"stat.mineBlock.tconstruct.faucet":7,"stat.pickup.tconstruct.excavator":1,"stat.fallOneCm":137617,"stat.drop.minecraft.stone":3,"stat.useItem.harvestcraft.chilipepperitem":7,"stat.craftItem.tconstruct.toolforge":1,"stat.craftItem.minecraft.chest":11,"stat.useItem.harvestcraft.bellpepperitem":5,"stat.pickup.travelersbackpack.sleeping_bag_bottom":1,"stat.craftItem.tconstruct.materials":64,"stat.mineBlock.conarm.armorforge":1,"stat.pickup.minecraft.iron_leggings":4,"stat.mineBlock.minecraft.gravel":69,"stat.useItem.minecraft.stone_pickaxe":218,"stat.craftItem.tconstruct.seared_tank":1,"stat.craftItem.minecraft.iron_leggings":4,"stat.pickup.betternether.cincinnasite":4,"stat.drop.tconstruct.tough_tool_rod":16,"stat.mineBlock.ferdinandsflowers.block_cff_doubles":1,"stat.entityKilledBy.Ghast":1,"stat.drop.minecraft.stick":2,"stat.pickup.minecraft.flint_and_steel":1,"stat.useItem.minecraft.torch":151,"stat.useItem.harvestcraft.spiceleafitem":8,"stat.craftItem.minecraft.redstone_block":14,"stat.pickup.minecraft.crafting_table":6,"stat.useItem.minecraft.log":9,"stat.craftItem.minecraft.crafting_table":29,"stat.mineBlock.treasure2.wood_chest":3,"stat.pickup.minecraft.iron_hoe":2,"stat.pickup.minecraft.log":110,"stat.pickup.treasure2.silver_ring":3,"stat.pickup.minecraft.sapling":8,"stat.craftItem.tconstruct.smeltery_controller":1,"stat.pickup.harvestcraft.parsnipitem":4,"stat.mineBlock.tconstruct.toolforge":3,"stat.mineBlock.tconstruct.slime_grass":46,"stat.useItem.harvestcraft.greengrapeitem":5,"stat.craftItem.minecraft.cooked_chicken":1,"stat.pickup.treasure2.wood_key":1,"stat.pickup.harvestcraft.juteitem":1,"stat.useItem.betternether.smoker":2,"stat.pickup.tconstruct.slime_boots":2,"stat.sneakTime":8308,"stat.pickup.harvestcraft.tealeafitem":1,"stat.pickup.rustic.chili_pepper_seeds":1,"stat.entityKilledBy.Blaze":6,"stat.drop.minecraft.bucket":1,"stat.pickup.minecraft.stone_slab":1,"stat.pickup.ferdinandsflowers.block_cff_flowersd":1,"stat.pickup.abyssalcraft.corbone":3,"stat.pickup.ferdinandsflowers.block_cff_flowersc":1,"stat.pickup.minecraft.chest":1,"stat.pickup.minecraft.bone":9,"stat.useItem.harvestcraft.garlicitem":1,"stat.craftItem.tconstruct.faucet":7,"stat.useItem.harvestcraft.tealeafitem":1,"stat.drop.rustic.olives":1,"stat.swimOneCm":225633,"stat.pickup.harvestcraft.artichokeitem":7,"stat.climbOneCm":7740,"stat.useItem.harvestcraft.strawberryitem":4,"stat.pickup.chococraft.chocobo_drumstick_raw":1,"stat.pickup.harvestcraft.okraitem":8,"stat.useItem.minecraft.dirt":40,"stat.pickup.minecraft.golden_helmet":1,"stat.useItem.harvestcraft.barleyitem":10,"stat.useItem.tconstruct.excavator":173,"stat.drop.treasure2.copper_coin":5,"stat.craftItem.mocreatures.duckcooked":1,"stat.killEntity.artifacts.mimic":3,"stat.craftItem.minecraft.stone_pickaxe":2,"stat.mineBlock.minecraft.magma":3,"stat.pickup.minecraft.cobblestone":1772,"stat.useItem.minecraft.stone_shovel":127,"stat.mineBlock.chisel.limestone2":2,"stat.drop.minecraft.rabbit_hide":2,"stat.pickup.minecraft.clay":10,"stat.drop.minecraft.wheat_seeds":2,"stat.pickup.harvestcraft.leekitem":2,"stat.pickup.minecraft.redstone":199,"stat.mineBlock.minecraft.iron_ore":171,"stat.useItem.harvestcraft.peanutitem":1,"stat.pickup.minecraft.mutton":16,"stat.pickup.minecraft.cake":1,"stat.useItem.harvestcraft.cornitem":3,"stat.pickup.tconstruct.soil":12,"stat.drop.extrautils2.ingredients":3,"stat.drop.minecraft.dirt":24,"stat.pickup.minecraft.iron_shovel":1,"stat.mineBlock.minecraft.nether_brick":1,"stat.craftItem.tconstruct.soil":64,"stat.pickup.tconstruct.smeltery_controller":1,"stat.useItem.astralsorcery.blockmarble":2,"stat.craftItem.minecraft.stone_slab2":3,"stat.pickup.harvestcraft.mulberryitem":12,"stat.mineBlock.abyssalcraft.decorativestatue":2,"stat.useItem.harvestcraft.cucumberitem":4,"stat.craftItem.minecraft.stick":48,"stat.pickup.harvestcraft.barleyitem":11,"stat.mineBlock.minecraft.crafting_table":9,"stat.useItem.minecraft.diamond_pickaxe":1067,"stat.useItem.minecraft.carrot":6,"stat.useItem.minecraft.wheat":7,"stat.pickup.chococraft.gysahl_green_seeds":73,"stat.entityKilledBy.Creeper":1,"stat.mineBlock.minecraft.planks":11,"stat.drop":179,"stat.drop.treasure2.diamond_charm":1,"stat.killEntity.Sheep":14,"stat.useItem.tconstruct.seared":25,"stat.pickup.tconstruct.tough_tool_rod":1,"stat.pickup.artifacts.bottled_cloud":3,"stat.craftItem.minecraft.clay":19,"stat.pickup.harvestcraft.garlicitem":2,"stat.entityKilledBy.mocreatures:flamewraith":2,"stat.pickup.tconstruct.toolforge":3,"stat.pickup.minecraft.gravel":48,"stat.mineBlock.abyssalcraft.nitreore":7,"stat.mineBlock.tconstruct.smeltery_controller":1,"stat.useItem.minecraft.apple":21,"stat.mineBlock.ferdinandsflowers.block_cff_doubless":2,"stat.mineBlock.tconstruct.slime_dirt":42,"stat.pickup.tconstruct.sharpening_kit":3,"stat.useItem.minecraft.potion":1,"stat.pickup.harvestcraft.blackberryitem":1,"stat.craftItem.travelersbackpack.backpack_tank":6,"stat.pickup.minecraft.iron_helmet":2,"stat.useItem.harvestcraft.kaleitem":3,"stat.useItem.minecraft.stone_axe":81,"stat.mineBlock.harvestcraft.shadedgarden":5,"stat.pickup.harvestcraft.peanutitem":1,"stat.pickup.minecraft.spider_eye":1,"stat.craftItem.minecraft.iron_helmet":3,"stat.pickup.harvestcraft.bellpepperitem":6,"stat.craftItem.tconstruct.book":4,"stat.useItem.harvestcraft.cranberryitem":7,"stat.useItem.minecraft.cooked_chicken":1,"stat.pickup.minecraft.iron_ore":193,"stat.useItem.mocreatures.duckcooked":1,"stat.pickup.tconstruct.slime_congealed":66,"stat.mineBlock.mca.rose_gold_ore":13,"stat.mineBlock.minecraft.iron_bars":9,"stat.craftItem.minecraft.flint_and_steel":1,"stat.useItem.harvestcraft.brusselsproutitem":9,"stat.mineBlock.tconstruct.tooltables":29,"stat.pickup.minecraft.leather":20,"stat.drop.minecraft.iron_hoe":1,"stat.useItem.harvestcraft.flaxitem":6,"stat.mineBlock.minecraft.furnace":2,"stat.useItem.minecraft.wooden_pickaxe":13,"stat.drop.minecraft.water_bucket":1,"stat.pickup.harvestcraft.blueberryitem":6,"stat.useItem.harvestcraft.mustardseedsitem":12,"stat.pickup.minecraft.reeds":10,"stat.drop.chococraft.gysahl_green":1,"tombstone:undead_killed":21,"stat.useItem.tombstone.grave_key":23,"stat.pickup.tconstruct.materials":11,"stat.pickup.minecraft.oak_stairs":3,"stat.damageDealt":21648,"stat.craftItem.minecraft.glass":29,"stat.sleepInBed":33,"stat.killEntity.Cow":20,"stat.useItem.minecraft.crafting_table":14,"stat.pickup.harvestcraft.elderberryitem":4,"stat.craftItem.minecraft.stone_shovel":2,"stat.walkOneCm":1634238,"stat.pickup.of.coffee_bean":1,"stat.pickup.minecraft.stick":37,"stat.pickup.minecraft.clay_ball":76,"stat.killEntity.mocreatures:wildhorse":9,"stat.drop.treasure2.silver_coin":8,"stat.mineBlock.chisel.basalt2":34,"stat.pickup.minecraft.stone":81,"stat.mineBlock.minecraft.wool":1,"stat.drop.chococraft.gysahl_green_seeds":35,"stat.pickup.minecraft.gold_ingot":3,"stat.mineBlock.betternether.netherrack_moss":1,"stat.killEntity.Skeleton":9,"stat.pickup.harvestcraft.amaranthitem":12,"stat.killEntity.Spider":4,"stat.mineBlock.minecraft.quartz_ore":7,"stat.mineBlock.minecraft.leaves":1,"stat.mineBlock.betternether.egg_plant":2,"stat.mineBlock.tconstruct.seared":41,"stat.mineBlock.minecraft.redstone_ore":46,"stat.mineBlock.tconstruct.casting":12,"stat.mineBlock.minecraft.bone_block":1,"stat.mineBlock.harvestcraft.soggygarden":42,"stat.drop.harvestcraft.asparagusitem":2,"stat.mineBlock.minecraft.stone":3063,"stat.killEntity.mocreatures:turtle":1,"stat.useItem.minecraft.sandstone":1}