{"stat.leaveGame":18,"stat.killEntity.betteranimalsplus.goat":1,"stat.useItem.minecraft.planks":42,"stat.craftItem.minecraft.shield":2,"stat.drop.minecraft.feather":2,"stat.pickup.minecraft.rotten_flesh":2,"stat.pickup.minecraft.sand":48,"stat.craftItem.minecraft.stone_axe":1,"stat.craftItem.minecraft.iron_shovel":2,"stat.mineBlock.minecraft.snow_layer":4,"stat.mineBlock.minecraft.sand":48,"stat.useItem.betteranimalsplus.pheasantraw":2,"stat.useItem.minecraft.iron_pickaxe":63,"stat.craftItem.minecraft.wooden_pickaxe":1,"stat.useItem.minecraft.iron_shovel":136,"stat.craftItem.minecraft.bed":1,"stat.mineBlock.chisel.marble2":1,"stat.pickup.rustic.wildberries":2,"stat.furnaceInteraction":36,"stat.killEntity.mocreatures:crab":1,"stat.entityKilledBy.betteranimalsplus.moose":1,"stat.pickup.mocreatures.turtleraw":3,"stat.pickup.minecraft.beef":70,"stat.pickup.minecraft.furnace":3,"stat.useItem.minecraft.cooked_mutton":9,"stat.pickup.minecraft.leather_helmet":1,"stat.useItem.rustic.wildberries":9,"stat.pickup.tombstone.magic_scroll":1,"stat.pickup.treasure2.equip_mana_runestone":1,"stat.useItem.minecraft.flint_and_steel":24,"stat.mineBlock.astralsorcery.blockmarble":13,"stat.pickup.dynamictrees.oakseed":13,"stat.entityKilledBy.betteranimalsplus.boar":2,"stat.deaths":11,"stat.pickup.minecraft.egg":2,"stat.playOneMinute":250415,"stat.drop.minecraft.string":2,"stat.craftItem.minecraft.iron_pickaxe":2,"stat.useItem.rustic.horsetail":1,"stat.pickup.minecraft.iron_bars":4,"stat.pickup.chisel.marble2":1,"stat.mineBlock.minecraft.tallgrass":30,"stat.craftItem.minecraft.cooked_mutton":9,"stat.pickup.harvestcraft.cottonitem":1,"stat.chestOpened":34,"stat.pickup.minecraft.arrow":6,"stat.fallOneCm":97062,"stat.mineBlock.rustic.horsetail":1,"stat.crouchOneCm":2731,"stat.craftItem.tconstruct.toolforge":2,"stat.craftItem.minecraft.chest":1,"stat.craftItem.minecraft.iron_ingot":65,"stat.pickup.rustic.grape_stem":6,"stat.killEntity.mocreatures:ant":1,"stat.craftingTableInteraction":9,"stat.pickup.rustic.horsetail":2,"stat.craftItem.tconstruct.pattern":23,"stat.pickup.minecraft.feather":2,"stat.craftItem.tconstruct.materials":64,"stat.pickup.minecraft.planks":13,"stat.pickup.minecraft.wheat_seeds":1,"stat.mineBlock.minecraft.gravel":67,"stat.useItem.minecraft.stone_pickaxe":130,"stat.craftItem.minecraft.iron_leggings":1,"stat.mineBlock.minecraft.dirt":20,"stat.pickup.tconstruct.pattern":4,"stat.useItem.minecraft.torch":86,"stat.useItem.minecraft.bread":2,"stat.drop.tombstone.crafting_ingredient":1,"stat.useItem.minecraft.cobblestone":88,"stat.craftItem.minecraft.crafting_table":6,"stat.useItem.minecraft.gravel":8,"stat.useItem.dynamictrees.oakseed":6,"stat.pickup.minecraft.log":53,"stat.useItem.minecraft.cooked_fish":4,"stat.drop.minecraft.stonebrick":1,"stat.pickup.minecraft.sapling":1,"stat.useItem.minecraft.fireworks":24,"stat.mineBlock.abyssalcraft.monolithstone":2,"stat.drop.dynamictrees.oakseed":2,"stat.craftItem.minecraft.planks":136,"stat.mineBlock.tconstruct.toolforge":2,"stat.useItem.minecraft.iron_sword":95,"stat.entityKilledBy.betteranimalsplus.coyote":2,"stat.entityKilledBy.mocreatures:piranha":1,"stat.drop.comforts.sleeping_bag":2,"stat.useItem.minecraft.stonebrick":1,"stat.mineBlock.minecraft.log":5,"stat.useItem.carryon.entity_item":3,"stat.sneakTime":1629,"stat.pickup.minecraft.wool":6,"stat.pickup.rustic.chili_pepper_seeds":1,"stat.drop.minecraft.yellow_flower":1,"stat.pickup.minecraft.yellow_flower":1,"stat.cakeSlicesEaten":11,"stat.killEntity.mocreatures:snake":1,"stat.pickup.minecraft.bone":9,"stat.pickup.minecraft.redstone_torch":10,"stat.useItem.minecraft.iron_axe":57,"stat.drop.tconstruct.sharpening_kit":5,"stat.mineBlock.minecraft.cobblestone":3,"stat.pickup.minecraft.flint":11,"stat.mineBlock.minecraft.yellow_flower":2,"stat.swimOneCm":95365,"stat.climbOneCm":2802,"stat.useItem.chococraft.gysahl_green":19,"stat.useItem.minecraft.dirt":1,"stat.useItem.minecraft.cookie":3,"stat.useItem.minecraft.stone_slab2":68,"stat.craftItem.minecraft.furnace":2,"stat.useItem.minecraft.egg":2,"stat.craftItem.minecraft.iron_boots":1,"stat.craftItem.minecraft.stone_pickaxe":2,"stat.craftItem.minecraft.cooked_beef":11,"stat.pickup.minecraft.cobblestone":185,"stat.mineBlock.minecraft.clay":15,"stat.flyOneCm":520228,"stat.pickup.minecraft.glass_bottle":1,"stat.drop.minecraft.wheat_seeds":1,"stat.useItem.minecraft.cooked_beef":8,"stat.mineBlock.minecraft.iron_ore":67,"stat.timeSinceDeath":21729,"stat.pickup.minecraft.mutton":11,"stat.craftItem.minecraft.iron_block":8,"stat.drop.minecraft.iron_bars":2,"stat.craftItem.tconstruct.seared":16,"stat.pickup.minecraft.stonebrick":3,"stat.mineBlock.minecraft.coal_ore":29,"stat.talkedToVillager":6,"stat.craftItem.tconstruct.soil":80,"stat.pickup.minecraft.string":2,"stat.pickup.comforts.sleeping_bag":3,"stat.useItem.astralsorcery.blockmarble":13,"stat.craftItem.minecraft.stone_slab2":0,"stat.craftItem.tconstruct.tooltables":8,"stat.sprintOneCm":625626,"stat.drop.rustic.tomato_seeds":1,"stat.craftItem.minecraft.stick":20,"stat.useItem.carryon.tile_item":1,"stat.killEntity.mocreatures:mole":1,"stat.killEntity.mocreatures:mouse":1,"stat.pickup.minecraft.spawn_egg":3,"stat.mineBlock.minecraft.planks":13,"stat.drop":23,"stat.killEntity.Sheep":7,"stat.drop.tombstone.grave_key":2,"stat.pickup.tombstone.grave_key":1,"stat.killEntity.Zombie":1,"stat.pickup.minecraft.snowball":8,"stat.useItem.tconstruct.hammer":100,"stat.craftItem.minecraft.clay":15,"stat.diveOneCm":92895,"stat.pickup.tconstruct.tooltables":19,"stat.pickup.tconstruct.toolforge":2,"stat.pickup.minecraft.gravel":51,"stat.pickup.minecraft.stone_axe":1,"stat.useItem.minecraft.apple":5,"stat.useItem.minecraft.potion":1,"stat.useItem.minecraft.rotten_flesh":2,"stat.jump":3506,"stat.pickup.minecraft.coal":30,"stat.pickup.minecraft.iron_ingot":3,"stat.useItem.minecraft.stone_axe":69,"stat.craftItem.minecraft.torch":44,"stat.pickup.minecraft.dirt":11,"stat.craftItem.minecraft.iron_helmet":1,"stat.craftItem.comforts.sleeping_bag":2,"stat.mineBlock.harvestcraft.frostgarden":1,"stat.pickup.minecraft.iron_ore":87,"stat.pickup.leatherworks.rawhide_cow":22,"stat.mineBlock.minecraft.iron_bars":4,"stat.drop.tconstruct.hammer":1,"stat.craftItem.minecraft.flint_and_steel":2,"stat.pickup.rustic.tomato_seeds":2,"stat.mineBlock.tconstruct.tooltables":19,"stat.pickup.minecraft.iron_axe":1,"stat.damageTaken":4044,"stat.mineBlock.minecraft.furnace":3,"stat.mineBlock.minecraft.torch":5,"stat.useItem.minecraft.wooden_pickaxe":35,"stat.dispenserInspected":3,"stat.pickup.minecraft.bed":1,"tombstone:undead_killed":6,"stat.entityKilledBy.Zombie":2,"stat.damageDealt":6781,"stat.sleepInBed":4,"stat.pickup.chococraft.gysahl_green":19,"stat.killEntity.Cow":35,"stat.mineBlock.harvestcraft.pamspiderweb":2,"stat.craftItem.minecraft.iron_sword":2,"stat.walkOneCm":542588,"stat.pickup.minecraft.stick":21,"stat.pickup.minecraft.clay_ball":60,"stat.useItem.mocreatures.turtleraw":1,"stat.useItem.tombstone.gift":1,"stat.craftItem.minecraft.iron_chestplate":1,"stat.pickup.betteranimalsplus.pheasantraw":2,"stat.killEntity.Skeleton":5,"stat.pickup.mocreatures.mocegg":2,"stat.mineBlock.minecraft.stonebrick":12,"stat.mineBlock.minecraft.redstone_torch":10,"stat.killEntity.mocreatures:blackbear":1,"stat.mobKills":59,"stat.craftItem.minecraft.shears":1,"stat.pickup.minecraft.torch":6,"stat.mineBlock.abyssalcraft.shoggothbiomass":1,"stat.pickup.astralsorcery.blockmarble":15,"stat.drop.minecraft.stone_axe":2,"stat.mineBlock.minecraft.stone":192,"stat.killEntity.mocreatures:turtle":2}