{"stat.leaveGame":2,"stat.mineBlock.minecraft.cobblestone":6,"stat.craftItem.minecraft.wool":2,"stat.pickup.mocreatures.fur":5,"stat.mineBlock.appliedenergistics2.quartz_ore":6,"stat.swimOneCm":19228,"stat.useItem.minecraft.planks":2,"stat.drop.minecraft.cobblestone":1,"stat.drop.minecraft.feather":1,"stat.pickup.minecraft.porkchop":16,"stat.useItem.chococraft.gysahl_green":10,"stat.useItem.minecraft.stone_slab2":25,"stat.pickup.minecraft.rotten_flesh":2,"stat.mineBlock.tconstruct.slime_vine_purple_end":1,"stat.craftItem.minecraft.furnace":2,"stat.drop.treasure2.copper_coin":1,"stat.useItem.minecraft.egg":3,"stat.killEntity.mocreatures:goat":6,"stat.craftItem.minecraft.stone_axe":1,"stat.craftItem.minecraft.stone_pickaxe":1,"stat.craftItem.minecraft.cooked_beef":17,"stat.pickup.minecraft.cobblestone":52,"stat.mineBlock.chisel.limestone2":1,"stat.flyOneCm":341702,"stat.pickup.dynamictrees.spruceseed":4,"stat.pickup.appliedenergistics2.material":10,"stat.drop.minecraft.wheat_seeds":2,"stat.useItem.minecraft.cooked_beef":16,"stat.mineBlock.minecraft.iron_ore":21,"stat.timeSinceDeath":47326,"stat.useItem.minecraft.iron_pickaxe":176,"stat.pickup.tconstruct.slime_sapling":1,"stat.craftItem.minecraft.wooden_pickaxe":2,"stat.mineBlock.tconstruct.slime_grass_tall":2,"stat.pickup.minecraft.mutton":26,"stat.mineBlock.chisel.marble2":2,"stat.pickup.minecraft.stonebrick":4,"stat.furnaceInteraction":42,"stat.killEntity.mocreatures:crab":1,"stat.useItem.minecraft.cooked_porkchop":2,"stat.mineBlock.minecraft.coal_ore":86,"stat.pickup.comforts.sleeping_bag":1,"stat.pickup.minecraft.beef":19,"stat.useItem.minecraft.cooked_mutton":17,"stat.pickup.minecraft.furnace":2,"stat.craftItem.minecraft.stone_slab2":0,"stat.sprintOneCm":174480,"stat.craftItem.minecraft.stick":12,"stat.pickup.treasure2.equip_mana_runestone":2,"stat.useItem.comforts.sleeping_bag":1,"stat.mineBlock.minecraft.crafting_table":2,"stat.mineBlock.astralsorcery.blockmarble":9,"stat.pickup.tconstruct.slime_dirt":1,"stat.useItem.minecraft.carrot":4,"stat.pickup.dynamictrees.oakseed":4,"stat.mineBlock.tconstruct.slime_vine_purple_mid":1,"stat.useItem.minecraft.beef":2,"stat.pickup.minecraft.spawn_egg":1,"stat.deaths":2,"stat.drop":10,"stat.pickup.minecraft.egg":7,"stat.playOneMinute":146394,"stat.killEntity.Sheep":12,"stat.mineBlock.minecraft.tallgrass":17,"stat.craftItem.minecraft.cooked_mutton":21,"stat.craftItem.minecraft.slime_ball":12,"stat.diveOneCm":39420,"stat.chestOpened":35,"stat.pickup.tconstruct.tooltables":1,"stat.pickup.minecraft.gravel":1,"stat.craftItem.minecraft.cooked_porkchop":12,"stat.pickup.minecraft.stone_axe":1,"stat.jump":2090,"stat.pickup.minecraft.coal":131,"stat.fallOneCm":73658,"stat.drop.minecraft.stone":3,"stat.useItem.minecraft.stone_axe":51,"stat.crouchOneCm":10693,"stat.craftItem.minecraft.torch":24,"stat.craftItem.minecraft.chest":2,"stat.pickup.minecraft.dirt":14,"stat.craftItem.comforts.sleeping_bag":2,"stat.useItem.minecraft.cooked_chicken":5,"stat.craftingTableInteraction":18,"stat.pickup.minecraft.iron_ore":21,"stat.pickup.leatherworks.rawhide_pig":4,"stat.pickup.tconstruct.slime_congealed":12,"stat.pickup.leatherworks.rawhide_cow":7,"stat.pickup.minecraft.feather":9,"stat.damageTaken":1379,"stat.killEntity.mocreatures:bunny":1,"stat.mineBlock.minecraft.furnace":2,"stat.dispenserInspected":4,"stat.useItem.minecraft.wooden_pickaxe":6,"stat.pickup.treasure2.copper_coin":1,"stat.pickup.minecraft.planks":22,"stat.pickup.minecraft.wheat_seeds":3,"stat.mineBlock.minecraft.gravel":1,"stat.useItem.minecraft.stone_pickaxe":40,"stat.damageDealt":4300,"stat.sleepInBed":7,"stat.pickup.chococraft.gysahl_green":10,"stat.killEntity.Cow":9,"stat.mineBlock.minecraft.dirt":11,"stat.killEntity.Pig":11,"stat.walkOneCm":189273,"stat.useItem.minecraft.bread":4,"stat.useItem.minecraft.torch":5,"stat.useItem.minecraft.chest":1,"stat.pickup.minecraft.stick":4,"stat.pickup.minecraft.crafting_table":2,"stat.useItem.minecraft.cobblestone":13,"stat.craftItem.minecraft.crafting_table":2,"stat.mineBlock.minecraft.double_plant":1,"stat.pickup.minecraft.log":17,"stat.useItem.tombstone.gift":1,"stat.entityKilledBy.mocreatures:crab":1,"stat.pickup.minecraft.stone":3,"stat.drop.minecraft.planks":2,"stat.pickup.minecraft.chicken":5,"stat.useItem.minecraft.fireworks":7,"stat.mineBlock.minecraft.stonebrick":4,"stat.craftItem.minecraft.planks":68,"stat.mineBlock.tconstruct.slime_grass":1,"stat.killEntity.Chicken":5,"stat.drop.comforts.sleeping_bag":1,"stat.mobKills":47,"stat.craftItem.minecraft.cooked_chicken":5,"stat.pickup.minecraft.torch":19,"stat.mineBlock.abyssalcraft.shoggothbiomass":1,"stat.sneakTime":3410,"stat.pickup.minecraft.wool":12,"stat.pickup.minecraft.rabbit":1,"stat.pickup.astralsorcery.blockmarble":7,"stat.drop.treasure2.equip_mana_runestone":2,"stat.mineBlock.minecraft.stone":42}