{"stat.leaveGame":1,"stat.mineBlock.minecraft.cobblestone":6,"stat.mineBlock.appliedenergistics2.quartz_ore":6,"stat.swimOneCm":15636,"stat.useItem.minecraft.planks":2,"stat.drop.minecraft.cobblestone":1,"stat.drop.minecraft.feather":1,"stat.useItem.chococraft.gysahl_green":10,"stat.useItem.minecraft.stone_slab2":10,"stat.mineBlock.tconstruct.slime_vine_purple_end":1,"stat.craftItem.minecraft.furnace":1,"stat.drop.treasure2.copper_coin":1,"stat.useItem.minecraft.egg":2,"stat.craftItem.minecraft.cooked_beef":1,"stat.pickup.minecraft.cobblestone":39,"stat.mineBlock.chisel.limestone2":1,"stat.flyOneCm":105961,"stat.pickup.appliedenergistics2.material":10,"stat.drop.minecraft.wheat_seeds":2,"stat.useItem.minecraft.cooked_beef":1,"stat.mineBlock.minecraft.iron_ore":21,"stat.timeSinceDeath":30632,"stat.useItem.minecraft.iron_pickaxe":176,"stat.pickup.tconstruct.slime_sapling":1,"stat.craftItem.minecraft.wooden_pickaxe":1,"stat.mineBlock.tconstruct.slime_grass_tall":2,"stat.pickup.minecraft.mutton":7,"stat.mineBlock.chisel.marble2":2,"stat.pickup.minecraft.stonebrick":4,"stat.furnaceInteraction":14,"stat.mineBlock.minecraft.coal_ore":55,"stat.pickup.minecraft.beef":3,"stat.useItem.minecraft.cooked_mutton":6,"stat.pickup.minecraft.furnace":1,"stat.craftItem.minecraft.stone_slab2":0,"stat.sprintOneCm":73923,"stat.craftItem.minecraft.stick":4,"stat.pickup.treasure2.equip_mana_runestone":2,"stat.mineBlock.minecraft.crafting_table":1,"stat.mineBlock.astralsorcery.blockmarble":9,"stat.pickup.tconstruct.slime_dirt":1,"stat.pickup.dynamictrees.oakseed":4,"stat.mineBlock.tconstruct.slime_vine_purple_mid":1,"stat.useItem.minecraft.beef":2,"stat.deaths":1,"stat.drop":7,"stat.pickup.minecraft.egg":2,"stat.playOneMinute":51580,"stat.killEntity.Sheep":6,"stat.mineBlock.minecraft.tallgrass":17,"stat.craftItem.minecraft.cooked_mutton":6,"stat.craftItem.minecraft.slime_ball":12,"stat.diveOneCm":33053,"stat.chestOpened":7,"stat.pickup.tconstruct.tooltables":1,"stat.jump":848,"stat.pickup.minecraft.coal":100,"stat.fallOneCm":24725,"stat.drop.minecraft.stone":3,"stat.crouchOneCm":6271,"stat.craftItem.minecraft.torch":24,"stat.pickup.minecraft.dirt":10,"stat.craftingTableInteraction":3,"stat.pickup.minecraft.iron_ore":21,"stat.pickup.tconstruct.slime_congealed":12,"stat.pickup.leatherworks.rawhide_cow":1,"stat.pickup.minecraft.feather":1,"stat.damageTaken":590,"stat.mineBlock.minecraft.furnace":1,"stat.dispenserInspected":4,"stat.useItem.minecraft.wooden_pickaxe":1,"stat.pickup.treasure2.copper_coin":1,"stat.pickup.minecraft.planks":21,"stat.pickup.minecraft.wheat_seeds":3,"stat.damageDealt":883,"stat.pickup.chococraft.gysahl_green":10,"stat.killEntity.Cow":1,"stat.mineBlock.minecraft.dirt":7,"stat.walkOneCm":103823,"stat.useItem.minecraft.bread":4,"stat.useItem.minecraft.torch":5,"stat.pickup.minecraft.stick":4,"stat.pickup.minecraft.crafting_table":1,"stat.useItem.minecraft.cobblestone":13,"stat.craftItem.minecraft.crafting_table":1,"stat.mineBlock.minecraft.double_plant":1,"stat.pickup.minecraft.log":8,"stat.pickup.minecraft.stone":3,"stat.useItem.minecraft.fireworks":6,"stat.mineBlock.minecraft.stonebrick":4,"stat.craftItem.minecraft.planks":32,"stat.mineBlock.tconstruct.slime_grass":1,"stat.mobKills":8,"stat.pickup.minecraft.torch":19,"stat.sneakTime":1867,"stat.pickup.minecraft.wool":6,"stat.pickup.astralsorcery.blockmarble":7,"stat.drop.treasure2.equip_mana_runestone":2,"stat.mineBlock.minecraft.stone":29}