{"stat.chestOpened":4,"stat.pickup.abyssalcraft.coralium":3,"stat.leaveGame":5,"stat.useItem.harvestcraft.amaranthitem":2,"stat.pickup.harvestcraft.chilipepperitem":4,"stat.jump":891,"stat.swimOneCm":17835,"stat.pickup.minecraft.coal":13,"stat.fallOneCm":5501,"stat.pickup.harvestcraft.artichokeitem":5,"stat.climbOneCm":77,"stat.pickup.minecraft.carrot":5,"stat.useItem.minecraft.stone_axe":19,"stat.useItem.harvestcraft.strawberryitem":3,"stat.useItem.harvestcraft.chilipepperitem":1,"stat.pickup.harvestcraft.peanutitem":3,"stat.pickup.tconstruct.slimesling":1,"stat.useItem.harvestcraft.bellpepperitem":2,"stat.pickup.minecraft.dirt":10,"stat.useItem.minecraft.dirt":1,"stat.useItem.minecraft.stone_slab2":10,"stat.pickup.harvestcraft.bellpepperitem":2,"stat.craftingTableInteraction":5,"stat.pickup.minecraft.iron_ore":6,"stat.craftItem.minecraft.furnace":1,"stat.killEntity.mocreatures:goat":1,"stat.craftItem.minecraft.stone_axe":1,"stat.damageTaken":726,"stat.craftItem.minecraft.stone_pickaxe":1,"stat.useItem.minecraft.wooden_pickaxe":39,"stat.pickup.harvestcraft.wintersquashitem":2,"stat.pickup.minecraft.cobblestone":26,"stat.useItem.harvestcraft.lettuceitem":8,"stat.flyOneCm":466298,"tombstone:undead_killed":1,"stat.pickup.minecraft.potato":2,"stat.useItem.minecraft.stone_pickaxe":6,"stat.damageDealt":546,"stat.mineBlock.minecraft.iron_ore":6,"stat.sleepInBed":4,"stat.timeSinceDeath":80276,"stat.pickup.harvestcraft.lettuceitem":8,"stat.useItem.harvestcraft.peanutitem":3,"stat.mineBlock.minecraft.dirt":5,"stat.craftItem.minecraft.wooden_pickaxe":1,"stat.pickup.harvestcraft.elderberryitem":3,"stat.pickup.minecraft.mutton":2,"stat.useItem.harvestcraft.onionitem":3,"stat.walkOneCm":122971,"stat.pickup.travelersbackpack.travelers_backpack":1,"stat.pickup.minecraft.stick":11,"stat.pickup.harvestcraft.onionitem":3,"stat.useItem.minecraft.potato":2,"stat.pickup.minecraft.crafting_table":4,"stat.craftItem.minecraft.crafting_table":1,"stat.furnaceInteraction":3,"stat.mineBlock.minecraft.double_plant":1,"stat.pickup.harvestcraft.cornitem":2,"stat.mineBlock.minecraft.coal_ore":13,"stat.talkedToVillager":52,"stat.pickup.minecraft.log":10,"stat.pickup.minecraft.string":1,"stat.pickup.comforts.sleeping_bag":2,"stat.useItem.minecraft.cooked_mutton":2,"stat.mineBlock.harvestcraft.windygarden":23,"stat.useItem.harvestcraft.cucumberitem":3,"stat.sprintOneCm":43894,"stat.pickup.minecraft.apple":1,"stat.craftItem.minecraft.stick":4,"stat.pickup.harvestcraft.parsnipitem":4,"stat.pickup.harvestcraft.amaranthitem":2,"stat.craftItem.minecraft.planks":40,"stat.useItem.harvestcraft.parsnipitem":2,"stat.pickup.harvestcraft.barleyitem":4,"stat.pickup.harvestcraft.cucumberitem":5,"stat.mineBlock.minecraft.crafting_table":3,"stat.pickup.harvestcraft.strawberryitem":3,"stat.useItem.minecraft.carrot":5,"stat.drop.comforts.sleeping_bag":1,"stat.mobKills":2,"stat.pickup.harvestcraft.mustardseedsitem":4,"stat.useItem.harvestcraft.elderberryitem":2,"stat.drop":1,"stat.pickup.harvestcraft.flaxitem":4,"stat.playOneMinute":80276,"stat.pickup.tconstruct.slime_boots":1,"stat.killEntity.Zombie":1,"stat.mineBlock.minecraft.stone":26,"stat.mineBlock.minecraft.tallgrass":5,"stat.craftItem.minecraft.cooked_mutton":2,"stat.diveOneCm":11707,"stat.pickup.minecraft.wheat":6}