{"stat.walkOneCm":32254,"stat.pickup.minecraft.stick":7,"stat.pickup.harvestcraft.onionitem":1,"stat.leaveGame":4,"stat.pickup.minecraft.crafting_table":2,"stat.craftItem.minecraft.crafting_table":1,"stat.pickup.harvestcraft.cornitem":1,"stat.mineBlock.minecraft.coal_ore":13,"stat.pickup.minecraft.log":10,"stat.jump":290,"stat.swimOneCm":6219,"stat.pickup.minecraft.coal":13,"stat.fallOneCm":4188,"stat.pickup.harvestcraft.artichokeitem":3,"stat.pickup.minecraft.carrot":2,"stat.mineBlock.harvestcraft.windygarden":9,"stat.useItem.minecraft.stone_axe":1,"stat.useItem.harvestcraft.strawberryitem":2,"stat.pickup.tconstruct.slimesling":1,"stat.pickup.minecraft.dirt":10,"stat.useItem.minecraft.dirt":1,"stat.sprintOneCm":11855,"stat.useItem.minecraft.stone_slab2":2,"stat.pickup.harvestcraft.bellpepperitem":1,"stat.craftingTableInteraction":2,"stat.pickup.harvestcraft.parsnipitem":1,"stat.pickup.harvestcraft.amaranthitem":2,"stat.craftItem.minecraft.planks":40,"stat.craftItem.minecraft.stone_axe":1,"stat.pickup.harvestcraft.barleyitem":1,"stat.pickup.harvestcraft.cucumberitem":3,"stat.mineBlock.minecraft.crafting_table":2,"stat.damageTaken":30,"stat.pickup.harvestcraft.strawberryitem":2,"stat.craftItem.minecraft.stone_pickaxe":1,"stat.useItem.minecraft.wooden_pickaxe":39,"stat.useItem.minecraft.carrot":1,"stat.pickup.minecraft.cobblestone":26,"stat.pickup.harvestcraft.mustardseedsitem":1,"stat.flyOneCm":226084,"stat.useItem.harvestcraft.elderberryitem":2,"stat.pickup.harvestcraft.flaxitem":2,"stat.playOneMinute":26580,"stat.pickup.tconstruct.slime_boots":1,"stat.timeSinceDeath":26580,"stat.pickup.harvestcraft.lettuceitem":1,"stat.mineBlock.minecraft.dirt":5,"stat.craftItem.minecraft.wooden_pickaxe":1,"stat.mineBlock.minecraft.stone":26,"stat.mineBlock.minecraft.tallgrass":3,"stat.pickup.harvestcraft.elderberryitem":2,"stat.diveOneCm":5271,"stat.pickup.minecraft.wheat":4}