{"stat.chestOpened":6,"stat.pickup.abyssalcraft.coralium":3,"stat.leaveGame":5,"stat.useItem.harvestcraft.amaranthitem":2,"stat.pickup.harvestcraft.chilipepperitem":4,"stat.jump":1527,"stat.swimOneCm":88156,"stat.pickup.minecraft.coal":13,"stat.fallOneCm":26807,"stat.pickup.harvestcraft.artichokeitem":5,"stat.climbOneCm":386,"stat.pickup.minecraft.carrot":5,"stat.useItem.minecraft.stone_axe":19,"stat.useItem.harvestcraft.strawberryitem":3,"stat.useItem.harvestcraft.chilipepperitem":1,"stat.crouchOneCm":408,"stat.pickup.harvestcraft.peanutitem":3,"stat.craftItem.minecraft.iron_ingot":6,"stat.pickup.tconstruct.slimesling":1,"stat.useItem.harvestcraft.bellpepperitem":2,"stat.pickup.minecraft.dirt":15,"stat.useItem.minecraft.dirt":1,"stat.useItem.chococraft.gysahl_green":1,"stat.useItem.minecraft.stone_slab2":10,"stat.pickup.harvestcraft.bellpepperitem":2,"stat.craftingTableInteraction":5,"stat.pickup.minecraft.iron_ore":12,"stat.pickup.minecraft.rotten_flesh":3,"stat.craftItem.minecraft.furnace":1,"stat.killEntity.mocreatures:goat":1,"stat.craftItem.minecraft.stone_axe":1,"stat.damageTaken":1299,"stat.craftItem.minecraft.stone_pickaxe":1,"stat.useItem.minecraft.wooden_pickaxe":39,"stat.pickup.harvestcraft.wintersquashitem":2,"stat.pickup.minecraft.cobblestone":27,"stat.useItem.harvestcraft.lettuceitem":8,"stat.flyOneCm":600697,"tombstone:undead_killed":2,"stat.mineBlock.minecraft.sand":1,"stat.pickup.minecraft.potato":2,"stat.useItem.minecraft.stone_pickaxe":38,"stat.damageDealt":698,"stat.mineBlock.minecraft.iron_ore":12,"stat.sleepInBed":4,"stat.timeSinceDeath":9951,"stat.pickup.harvestcraft.lettuceitem":8,"stat.pickup.chococraft.gysahl_green":9,"stat.useItem.harvestcraft.peanutitem":3,"stat.mineBlock.minecraft.dirt":11,"stat.craftItem.minecraft.wooden_pickaxe":1,"stat.pickup.harvestcraft.elderberryitem":3,"stat.pickup.minecraft.mutton":2,"stat.useItem.harvestcraft.onionitem":3,"stat.walkOneCm":178291,"stat.pickup.travelersbackpack.travelers_backpack":1,"stat.pickup.minecraft.stick":11,"stat.pickup.harvestcraft.onionitem":3,"stat.useItem.minecraft.potato":2,"stat.pickup.minecraft.crafting_table":4,"stat.useItem.minecraft.cobblestone":6,"stat.craftItem.minecraft.crafting_table":1,"stat.furnaceInteraction":5,"stat.mineBlock.minecraft.double_plant":1,"stat.pickup.harvestcraft.cornitem":2,"stat.mineBlock.minecraft.coal_ore":13,"stat.talkedToVillager":52,"stat.pickup.minecraft.log":10,"stat.pickup.minecraft.string":1,"stat.pickup.comforts.sleeping_bag":2,"stat.useItem.minecraft.cooked_mutton":2,"stat.mineBlock.harvestcraft.windygarden":23,"stat.useItem.harvestcraft.cucumberitem":3,"stat.sprintOneCm":105950,"stat.pickup.minecraft.apple":1,"stat.craftItem.minecraft.stick":4,"stat.pickup.harvestcraft.parsnipitem":4,"stat.pickup.harvestcraft.amaranthitem":2,"stat.craftItem.minecraft.planks":40,"stat.useItem.harvestcraft.parsnipitem":2,"stat.pickup.harvestcraft.barleyitem":4,"stat.pickup.harvestcraft.cucumberitem":5,"stat.mineBlock.minecraft.crafting_table":3,"stat.pickup.harvestcraft.strawberryitem":3,"stat.useItem.minecraft.carrot":5,"stat.drop.comforts.sleeping_bag":1,"stat.mobKills":3,"stat.pickup.chococraft.gysahl_green_seeds":15,"stat.pickup.harvestcraft.mustardseedsitem":4,"stat.deaths":3,"stat.useItem.harvestcraft.elderberryitem":2,"stat.drop":1,"stat.pickup.harvestcraft.flaxitem":4,"stat.playOneMinute":104276,"stat.pickup.tconstruct.slime_boots":1,"stat.pickup.minecraft.red_flower":2,"stat.sneakTime":186,"stat.killEntity.Zombie":2,"stat.mineBlock.minecraft.stone":28,"stat.mineBlock.minecraft.tallgrass":5,"stat.craftItem.minecraft.cooked_mutton":2,"stat.diveOneCm":26087,"stat.pickup.minecraft.wheat":6}