{"stat.chestOpened":2,"stat.leaveGame":5,"stat.pickup.harvestcraft.chilipepperitem":4,"stat.jump":564,"stat.swimOneCm":6509,"stat.pickup.minecraft.coal":13,"stat.fallOneCm":5043,"stat.pickup.harvestcraft.artichokeitem":5,"stat.climbOneCm":77,"stat.pickup.minecraft.carrot":5,"stat.useItem.minecraft.stone_axe":13,"stat.useItem.harvestcraft.strawberryitem":3,"stat.useItem.harvestcraft.chilipepperitem":1,"stat.pickup.harvestcraft.peanutitem":3,"stat.pickup.tconstruct.slimesling":1,"stat.pickup.minecraft.dirt":10,"stat.useItem.minecraft.dirt":1,"stat.useItem.minecraft.stone_slab2":2,"stat.pickup.harvestcraft.bellpepperitem":2,"stat.craftingTableInteraction":3,"stat.craftItem.minecraft.stone_axe":1,"stat.damageTaken":135,"stat.craftItem.minecraft.stone_pickaxe":1,"stat.useItem.minecraft.wooden_pickaxe":39,"stat.pickup.harvestcraft.wintersquashitem":2,"stat.pickup.minecraft.cobblestone":26,"stat.flyOneCm":317811,"tombstone:undead_killed":1,"stat.pickup.minecraft.potato":2,"stat.damageDealt":341,"stat.timeSinceDeath":44276,"stat.pickup.harvestcraft.lettuceitem":8,"stat.useItem.harvestcraft.peanutitem":3,"stat.mineBlock.minecraft.dirt":5,"stat.craftItem.minecraft.wooden_pickaxe":1,"stat.pickup.harvestcraft.elderberryitem":3,"stat.walkOneCm":76863,"stat.pickup.minecraft.stick":7,"stat.pickup.harvestcraft.onionitem":3,"stat.pickup.minecraft.crafting_table":2,"stat.craftItem.minecraft.crafting_table":1,"stat.mineBlock.minecraft.double_plant":1,"stat.pickup.harvestcraft.cornitem":2,"stat.mineBlock.minecraft.coal_ore":13,"stat.talkedToVillager":10,"stat.pickup.minecraft.log":10,"stat.mineBlock.harvestcraft.windygarden":23,"stat.useItem.harvestcraft.cucumberitem":3,"stat.sprintOneCm":26177,"stat.pickup.harvestcraft.parsnipitem":4,"stat.pickup.harvestcraft.amaranthitem":2,"stat.craftItem.minecraft.planks":40,"stat.useItem.harvestcraft.parsnipitem":2,"stat.pickup.harvestcraft.barleyitem":4,"stat.pickup.harvestcraft.cucumberitem":5,"stat.mineBlock.minecraft.crafting_table":2,"stat.pickup.harvestcraft.strawberryitem":3,"stat.useItem.minecraft.carrot":2,"stat.mobKills":1,"stat.pickup.harvestcraft.mustardseedsitem":4,"stat.useItem.harvestcraft.elderberryitem":2,"stat.pickup.harvestcraft.flaxitem":4,"stat.playOneMinute":44276,"stat.pickup.tconstruct.slime_boots":1,"stat.killEntity.Zombie":1,"stat.mineBlock.minecraft.stone":26,"stat.mineBlock.minecraft.tallgrass":3,"stat.diveOneCm":6423,"stat.pickup.minecraft.wheat":6}