{"stat.pickup.abyssalcraft.coralium":3,"stat.leaveGame":7,"stat.useItem.harvestcraft.amaranthitem":2,"stat.mineBlock.minecraft.pumpkin":1,"stat.swimOneCm":114398,"stat.pickup.harvestcraft.artichokeitem":5,"stat.climbOneCm":1013,"stat.mineBlock.minecraft.web":2,"stat.useItem.harvestcraft.strawberryitem":3,"stat.pickup.tconstruct.slimesling":1,"stat.useItem.minecraft.dirt":2,"stat.useItem.chococraft.gysahl_green":1,"stat.useItem.minecraft.stone_slab2":19,"stat.pickup.minecraft.rotten_flesh":5,"stat.craftItem.minecraft.furnace":1,"stat.killEntity.mocreatures:goat":1,"stat.craftItem.minecraft.stone_axe":1,"stat.craftItem.minecraft.stone_pickaxe":1,"stat.pickup.harvestcraft.wintersquashitem":2,"stat.pickup.minecraft.cobblestone":35,"stat.flyOneCm":702202,"stat.mineBlock.minecraft.sand":1,"stat.drop.harvestcraft.mustardseedsitem":4,"stat.mineBlock.minecraft.iron_ore":18,"stat.timeSinceDeath":38832,"stat.useItem.harvestcraft.peanutitem":3,"stat.useItem.minecraft.iron_pickaxe":14,"stat.craftItem.minecraft.wooden_pickaxe":1,"stat.pickup.minecraft.mutton":2,"stat.pickup.travelersbackpack.travelers_backpack":1,"stat.pickup.harvestcraft.onionitem":3,"stat.useItem.minecraft.potato":2,"stat.useItem.harvestcraft.cornitem":2,"stat.furnaceInteraction":9,"stat.pickup.harvestcraft.cornitem":2,"stat.useItem.mocreatures.duckraw":3,"stat.mineBlock.minecraft.coal_ore":13,"stat.talkedToVillager":52,"stat.pickup.minecraft.string":5,"stat.pickup.comforts.sleeping_bag":2,"stat.useItem.minecraft.cooked_mutton":2,"stat.pickup.tombstone.crafting_ingredient":1,"stat.killEntity.mocreatures:duck":3,"stat.mineBlock.harvestcraft.windygarden":23,"stat.useItem.harvestcraft.cucumberitem":4,"stat.sprintOneCm":157378,"stat.craftItem.minecraft.stick":8,"stat.drop.harvestcraft.barleyitem":4,"stat.pickup.harvestcraft.barleyitem":4,"stat.mineBlock.minecraft.crafting_table":3,"stat.useItem.minecraft.carrot":7,"stat.pickup.chococraft.gysahl_green_seeds":32,"stat.pickup.minecraft.spawn_egg":1,"stat.pickup.harvestcraft.mustardseedsitem":4,"stat.deaths":4,"stat.drop":27,"stat.pickup.harvestcraft.flaxitem":4,"stat.playOneMinute":152862,"stat.craftItem.minecraft.iron_pickaxe":2,"stat.killEntity.Zombie":2,"stat.mineBlock.minecraft.tallgrass":7,"stat.craftItem.minecraft.cooked_mutton":2,"stat.diveOneCm":51319,"stat.pickup.minecraft.wheat":6,"stat.chestOpened":16,"stat.pickup.minecraft.pumpkin":1,"stat.useItem.minecraft.stone":1,"stat.useItem.minecraft.apple":1,"stat.pickup.harvestcraft.chilipepperitem":4,"stat.drop.minecraft.iron_pickaxe":1,"stat.useItem.minecraft.rotten_flesh":5,"stat.jump":2322,"stat.pickup.minecraft.coal":13,"stat.fallOneCm":39487,"stat.pickup.minecraft.iron_ingot":9,"stat.pickup.minecraft.carrot":5,"stat.useItem.minecraft.stone_axe":19,"stat.useItem.harvestcraft.chilipepperitem":4,"stat.crouchOneCm":620,"stat.pickup.harvestcraft.peanutitem":3,"stat.pickup.minecraft.spider_eye":1,"stat.craftItem.minecraft.iron_ingot":7,"stat.useItem.harvestcraft.bellpepperitem":2,"stat.pickup.minecraft.dirt":18,"stat.pickup.harvestcraft.bellpepperitem":2,"stat.craftingTableInteraction":14,"stat.pickup.minecraft.iron_ore":19,"stat.pickup.minecraft.gold_ore":2,"stat.damageTaken":2489,"stat.pickup.minecraft.feather":5,"stat.useItem.harvestcraft.flaxitem":2,"stat.useItem.minecraft.wooden_pickaxe":39,"stat.useItem.harvestcraft.lettuceitem":8,"tombstone:undead_killed":2,"stat.pickup.minecraft.potato":2,"stat.pickup.mocreatures.duckraw":3,"stat.useItem.minecraft.stone_pickaxe":47,"stat.damageDealt":872,"stat.sleepInBed":4,"stat.pickup.harvestcraft.lettuceitem":8,"stat.pickup.chococraft.gysahl_green":9,"stat.mineBlock.minecraft.dirt":12,"stat.pickup.harvestcraft.elderberryitem":3,"stat.craftItem.minecraft.iron_sword":1,"stat.useItem.harvestcraft.onionitem":3,"stat.walkOneCm":304347,"stat.pickup.minecraft.stick":11,"stat.pickup.minecraft.crafting_table":4,"stat.useItem.minecraft.cobblestone":14,"stat.craftItem.minecraft.crafting_table":1,"stat.mineBlock.minecraft.double_plant":1,"stat.pickup.minecraft.log":10,"stat.useItem.tombstone.gift":1,"stat.pickup.minecraft.stone":5,"stat.craftItem.minecraft.iron_chestplate":1,"stat.pickup.minecraft.chicken":1,"stat.pickup.minecraft.apple":1,"stat.drop.chococraft.gysahl_green_seeds":17,"stat.pickup.harvestcraft.parsnipitem":4,"stat.pickup.harvestcraft.amaranthitem":2,"stat.craftItem.minecraft.planks":40,"stat.useItem.harvestcraft.parsnipitem":4,"stat.useItem.minecraft.iron_sword":3,"stat.pickup.harvestcraft.cucumberitem":5,"stat.pickup.harvestcraft.strawberryitem":3,"stat.drop.comforts.sleeping_bag":1,"stat.mobKills":6,"stat.useItem.harvestcraft.elderberryitem":4,"stat.pickup.tconstruct.slime_boots":1,"stat.pickup.minecraft.red_flower":2,"stat.sneakTime":329,"stat.pickup.rustic.chili_pepper_seeds":1,"stat.pickup.ferdinandsflowers.block_cff_flowersb":1,"stat.mineBlock.minecraft.stone":37}