{"stat.walkOneCm":9112,"stat.pickup.harvestcraft.parsnipitem":1,"stat.pickup.harvestcraft.amaranthitem":2,"stat.pickup.harvestcraft.onionitem":1,"stat.pickup.minecraft.stick":7,"stat.craftItem.minecraft.planks":40,"stat.leaveGame":4,"stat.craftItem.minecraft.stone_axe":1,"stat.pickup.harvestcraft.barleyitem":1,"stat.pickup.harvestcraft.cucumberitem":3,"stat.pickup.minecraft.crafting_table":1,"stat.mineBlock.minecraft.crafting_table":1,"stat.damageTaken":20,"stat.pickup.harvestcraft.strawberryitem":2,"stat.craftItem.minecraft.crafting_table":1,"stat.craftItem.minecraft.stone_pickaxe":1,"stat.useItem.minecraft.wooden_pickaxe":39,"stat.pickup.harvestcraft.cornitem":1,"stat.pickup.minecraft.cobblestone":25,"stat.mineBlock.minecraft.coal_ore":13,"stat.pickup.harvestcraft.mustardseedsitem":1,"stat.pickup.minecraft.log":10,"stat.flyOneCm":6562,"stat.jump":49,"stat.pickup.harvestcraft.flaxitem":2,"stat.playOneMinute":14580,"stat.pickup.minecraft.coal":13,"stat.fallOneCm":1834,"stat.pickup.harvestcraft.artichokeitem":3,"stat.pickup.minecraft.carrot":2,"stat.mineBlock.harvestcraft.windygarden":9,"stat.timeSinceDeath":14580,"stat.pickup.harvestcraft.lettuceitem":1,"stat.pickup.minecraft.dirt":5,"stat.useItem.minecraft.dirt":1,"stat.mineBlock.minecraft.dirt":3,"stat.sprintOneCm":3941,"stat.useItem.minecraft.stone_slab2":2,"stat.pickup.harvestcraft.bellpepperitem":1,"stat.craftItem.minecraft.wooden_pickaxe":1,"stat.mineBlock.minecraft.stone":26,"stat.mineBlock.minecraft.tallgrass":3,"stat.pickup.harvestcraft.elderberryitem":2,"stat.pickup.minecraft.wheat":4,"stat.craftingTableInteraction":2}